key,3,4,5
#,Text,,
offset,0,4,8
Int32,String,String,String
0,,,
1,开始游戏,,
2,功能设置,,
3,开场动画,,
4,制作人员,,
5,,,
6,要进行手柄的按键设置吗？<hex:02100103>※进入游戏后可以在系统设置中随时进行修改。,,
7,是,,
8,否,,
9,,,
10,游戏账号,,
11,请选择游戏账号。,,
12,游戏版本号 : <hex:022903EA0203>(<hex:022903EA0303>)<hex:02081DE1E80401FF15> - ex<hex:022003E80403> : <hex:022903EA0503><hex:FF01><hex:03>,,
13,<hex:024804F201F403><hex:024904F201F503>注意<hex:0249020103><hex:0248020103> : 现在处于低分辨率状态(480p/i 576p/i)。<hex:02100103>本游戏推荐使用高分辨率(720p)进行游戏。,,
14,,,
15,确认,,
16,取消,,
17,请在右侧的列表中选择想要编辑的项目。<hex:02100103>???表示该项目仍未最后确定。,,
18,请在右侧的列表中选择想要编辑的项目。<hex:02100103>编辑之后点击最下面的确认按钮可以查看更改后的形象。,,
19,请在右侧的列表中选择想要编辑的项目。<hex:02100103>???表示该项目仍未最后确定。<hex:02100103>确定外貌之后将结束形象编辑。,,
20,删除角色,,
21,要删除<hex:022903EA0203>吗？<hex:02100103>删除角色后，该角色持有的道具、金币、雇佣的雇员也将被删除。<hex:02100103>如果该角色是部队长，且部队中没有符合继任部队长条件的成员，则该部队将被解散。<hex:02100103>届时部队所拥有的房屋、部队储物柜中的道具等财产也将被删除，请多加注意。,,
22,是的，我已经知晓注意事项，决定删除该角色。,,
23,修改姓名,,
24,修改雇员姓名,,
25,要以<hex:022903EA0203>登录吗？,,
26,以该角色登录游戏需要修改姓名。请输入新的名字。,,
27,<hex:020860E1E80201FF2B>请在获取角色信息后修改姓名。<hex:FF2E>以该角色登录游戏需要修改姓名。<hex:03>,,
28,要将姓名改为“<hex:022903EA0203>”吗？,,
29,要将雇员的姓名改为“<hex:022903EA0203>”吗？,,
30,创建新角色,,
31,要结束角色创建吗？<hex:02100103>当前正在处理的角色信息都会消失。,,
32,以当前角色开始游戏吗？,,
33,要创建新角色吗？,,
34,,,
35,,,
36,所在地,,
37,<hex:02096FE802FF08>星1月<hex:FF08>灵1月<hex:FF08>星2月<hex:FF08>灵2月<hex:FF08>星3月<hex:FF08>灵3月<hex:FF08>星4月<hex:FF08>灵4月<hex:FF08>星5月<hex:FF08>灵5月<hex:FF08>星6月<hex:FF08>灵6月<hex:03> <hex:022003E80303>日,,
38,（<hex:022003E80203>月<hex:022003E80303>日）,,
39,,,
40,星1月,,
41,灵1月,,
42,星2月,,
43,灵2月,,
44,星3月,,
45,灵3月,,
46,星4月,,
47,灵4月,,
48,星5月,,
49,灵5月,,
50,星6月,,
51,灵6月,,
52,,,
53,<hex:02096FE803FF08>星1月<hex:FF08>灵1月<hex:FF08>星2月<hex:FF08>灵2月<hex:FF08>星3月<hex:FF08>灵3月<hex:FF08>星4月<hex:FF08>灵4月<hex:FF08>星5月<hex:FF08>灵5月<hex:FF08>星6月<hex:FF08>灵6月<hex:03> <hex:022003E80403>日,,
54,<hex:02096FE802FF08>星1月<hex:FF08>灵1月<hex:FF08>星2月<hex:FF08>灵2月<hex:FF08>星3月<hex:FF08>灵3月<hex:FF08>星4月<hex:FF08>灵4月<hex:FF08>星5月<hex:FF08>灵5月<hex:FF08>星6月<hex:FF08>灵6月<hex:03> <hex:022003E80303>日,,
55,,,
56,<hex:022903EA0203><hex:020833E3E80308FF2B><hex:020927E803FF01><hex:FF09>(遗产)<hex:FF01><hex:FF09>(遗产)<hex:FF01><hex:FF09>(遗产)<hex:03><hex:FF01><hex:03>,,
57,正在获取服务器列表。,,
58,无法获取服务器列表。,,
59,将各个服务器的情况更新到最新状态。刷新后需要等待<hex:022003E80203>分钟才能再次刷新。,,
60,该帐号的可创建角色数量已经达到上限。只有删除已有角色才能继续创建新角色。<hex:02100103>在角色名称的次级指令中选择删除即可将角色数据删除。,,
61,在各个服务器中所开通的角色已经到达数量上限，无法继续创建新角色。只有删除任意服务器的一名已有角色才能继续创建新角色。<hex:02100103>在角色名称的次级指令中选择删除即可将角色数据删除。,,
62,该服务器中创建的角色已经到达数量上限。,,
63,该服务器中现在对新角色进行了限制。<hex:02100103>请等待限制解除后再开始创建，或到其他服务器中创建新角色。,,
64,当前帐号无法使用该角色。,,
65,可以有一次机会修改角色的种族、性别、外貌及姓名。,,
66,<hex:020875E1E80201FF34>请在获取角色信息后修改雇员的名字。<hex:FF3A>以该角色登录游戏需要先修改雇员的名字。<hex:03>,,
67,可以修改角色的种族、性别、外貌等。<hex:02081EE1E80201FF16> (剩余<hex:022003E80203>分钟)<hex:FF01><hex:03>,,
68,无法登录，该角色处于«<hex:02280FFF0A>ExVersion<hex:E8020103>»的区域。,,
69,无法修改种族、性别及外貌，该角色处于«<hex:02280FFF0A>ExVersion<hex:E8020103>»的区域。,,
70,该角色为«最终幻想14»1.0版的继承角色。使用该角色进入游戏需要重新设定初始战斗职业。,,
71,确定,,
72,取消,,
73,初始战斗职业设置为“<hex:02280EFF09>ClassJob<hex:E8020103>”。<hex:02100103>游戏开始时的城市为“<hex:02280AFF05>Town<hex:E8030103>”。,,
74,确定,,
75,取消,,
76,该角色为«最终幻想14»1.0版的继承角色。使用该角色进入游戏需要重新设定初始战斗职业，同时角色的种族、性别、外貌以及姓名也会有一次修改的机会。,,
77,现在进行编辑,,
78,以后进行编辑,,
79,重新编辑角色,,
80,使用已保存的形象创建新角色,,
81,保存角色形象,,
82,使用已保存的角色形象,,
83,为缓解登录压力，角色信息暂时以简化后的形式显示。<hex:02100103>如需编辑角色外貌或改名，<hex:02100103>可通过次级指令选择“获取角色信息”。,,
84,欢迎来到«最终幻想14»的世界。<hex:02100103>请创建一个新角色来开始您的冒险。,,
85,确定,,
86,欢迎来到«最终幻想14»的世界。<hex:02100103>请选择已有角色或创建新角色来开始您的冒险。<hex:02100103>当前所选的服务器<hex:022903EA0203>中已经创建了<hex:022003E80303>个角色。<hex:02100103>点击右上的选择按钮可以切换世界服务器。,,
87,确定,,
88,请选择服务器。,,
89,,,
90,,,
91,,,
92,,,
93,,,
94,,,
95,要以<hex:022903EA0203>登录吗？<hex:02100103><hex:02100103><hex:024804F201FA03><hex:024904F201FB03>该角色正在其他服务器游玩。<hex:02100103>通过利姆萨·罗敏萨、格里达尼亚、乌尔达哈的以太之光可以随时返回原始服务器。<hex:0249020103><hex:0248020103>,,
96,要以<hex:022903EA0203>登录吗？<hex:02100103><hex:02100103><hex:024804F201FA03><hex:024904F201FB03>该角色正在非原始大区游玩。<hex:02100103>想要返回原始服务器时，<hex:02100103>可以在登录前角色名称的次级指令中<hex:02100103>选择“返回原始服务器”。<hex:0249020103><hex:0248020103>,,
97,,,
98,,,
99,<hex:02100103><hex:02100103>基础能力值： 力量 <hex:022003E80203>/灵巧 <hex:022003E80403>/耐力 <hex:022003E80303>/智力 <hex:022003E80503>/精神 <hex:022003E80603>,,
100,,,
101,RACE&GENDER,种族&性别,
102,TRIBE,部族,
103,GENDER,性别,
104,LOOKS,外貌,
105,BIRTHDAY,命名日,
106,GUARDIAN,守护神,
107,CLASS,职业,
108,HOME WORLD,原始服务器,
109,NAME,姓名,
110,Hyuran,,与其他种族相比，人族的体型在各方面都处于平均水准。<hex:02100103>虽然在古代，艾欧泽亚地区的人族数量并不是很多，<hex:02100103>不过历经从大约一千年前开始的前后三次大迁移之后，<hex:02100103>人族现已成为艾欧泽亚人口最多的种族。<hex:02100103>不过由于人口众多，即使是相同的种族有着不同的祖先，<hex:02100103>所以他们的种族意识相当低，相比起来更加注重个人的自由。
111,人族<hex:020911E802FF05> 男<hex:FF05> 女<hex:FF01><hex:03>,,
112,Elezen,,精灵族的主要特征是较长的四肢和瘦高的身体。<hex:02100103>精灵族是曾经主宰艾欧泽亚地区的原住民，有着非常高的自豪感。<hex:02100103>虽然在过去精灵族曾经与大量迁徙而来的人类进行过激烈的战斗，<hex:02100103>不过现在双方已经互相理解，并且共同走上了发展之路。<hex:02100103>与人族比起来，精灵族的平均寿命会长一些，这也是他们的特征之一。
113,精灵族<hex:020911E802FF05> 男<hex:FF05> 女<hex:FF01><hex:03>,,
114,Lalafell,,矮矮胖胖是拉拉菲尔族给其他人的第一感觉。<hex:02100103>在主要种族中，拉拉菲尔族的体型最为小巧，看上去几乎像小孩子一样。<hex:02100103>可以说在其他种族的眼里，他们的年龄是最难推测的。<hex:02100103>拉拉菲尔族原本是南洋群岛的农耕种族，<hex:02100103>后来发展到大航海时代，他们为了扩大贸易而来到艾欧泽亚。<hex:02100103>在对外方面，拉拉菲尔人对任何种族都能够积极进行交流，<hex:02100103>无论和哪个种族都建立起了良好的关系。
115,拉拉菲尔族<hex:020911E802FF05> 男<hex:FF05> 女<hex:FF01><hex:03>,,
116,Miqo'te,,高扬的耳朵与柔软的尾巴是猫魅族的特点。<hex:02100103>在第五灵灾“大冰雪时代”，有一支狩猎种族为了追捕猎物而渡过了海洋，<hex:02100103>猫魅族正是这成功到达艾欧泽亚的勇敢种族的后裔。<hex:02100103>不过也因为这个原因，种族人数在艾欧泽亚地区属于少数。<hex:02100103>他们在族内的领地意识也很强，所以即使是成为了城邦居民，<hex:02100103>大多数猫魅人也还是喜欢独居生活。<hex:02100103>尤其是男性猫魅族人，在避免接触他人这点上来说有着极强的倾向。
117,猫魅族<hex:020911E802FF05> 男<hex:FF05> 女<hex:FF01><hex:03>,,
118,Roegadyn,,鲁加族的体型非常巨大，处处体现出坚实和厚重的感觉。<hex:02100103>鲁加族是曾经在北洋拼搏的海洋种族的后裔，<hex:02100103>他们的祖先多数是驾驶着长船来到艾欧泽亚的。<hex:02100103>虽然鲁加族比拼勇猛的习俗在其他种族看来会有些野蛮，<hex:02100103>不过他们重情重义的忠厚一面也广为人知，<hex:02100103>历史上也曾经出现过诸多伟大的武者。
119,鲁加族<hex:020911E802FF05> 男<hex:FF05> 女<hex:FF01><hex:03>,,
120,Midlanders,,即使是在人口众多的人族中，中原之民的数量也达到了一半以上。<hex:02100103>虽然部族名字的由来是因为多数人来自低地，不过其实也有很多不同。<hex:02100103>在各地的城镇和村庄里都有中原之民的身影，他们从事着各种各样的行业。
121,中原之民,,
122,Highlanders,,高地之民是人族的一支部族，曾以基拉巴尼亚高地地区为领地。<hex:02100103>高地之民的体格比中原之民要健壮，而且他们也很以自己的强健肉体为傲。<hex:02100103>随着要塞城邦阿拉米格的沦陷，失去了祖国的流民流离到各地，<hex:02100103>在贸易城邦乌尔达哈中也有很多阿拉米格的难民。
123,高地之民,,
124,Forester,,森林之民是自古以来就以黑衣森林地带为据点的部族。<hex:02100103>多数人在伊修加德城邦和格里达尼亚城邦建国之后就一直居住其中。<hex:02100103>森林之民喜好秩序，尊重规律，不过这一点却总被其他种族误解为高傲。
125,森林之民,,
126,Shader,,黑影之民在过去几百年内一直以森林地带中那些昏暗的钟乳洞为据点。<hex:02100103>他们的祖先在格里达尼亚城邦建国时与主流派的森林之民决裂，<hex:02100103>一直过着阴暗的穴居生活。<hex:02100103>黑影之民不喜欢被约束，即使是现在，与城邦保持距离的人也不在少数。
127,黑影之民,,
128,Plainsfolk,,平原之民是迁移到拉诺西亚适合耕种的平原地区生活的部族。<hex:02100103>虽然大多数人都从事农业，不过以海洋城邦利姆萨·罗敏萨为据点，<hex:02100103>从事海运及渔业的人也不少。<hex:02100103>平原之民通常都是处于悠闲自得逍遥自在的状态。
129,平原之民,,
130,Dunesfolk,,沙漠之民是迁移到萨纳兰荒凉的沙漠地带生活的部族。<hex:02100103>他们建立起了乌尔达哈贸易城邦，以善于经商闻名于世。<hex:02100103>沙漠之民倾向于有了想法便立刻动手去做，基本都是实践主义者，<hex:02100103>这种性格对于他们捕捉商机也带来了很大帮助。
131,沙漠之民,,
132,Seekers of the Sun,,逐日之民通常自称为“太阳的使者”，信仰太阳神阿泽玛的信徒很多。<hex:02100103>虽然从艾欧泽亚整体来看，这一种族的总人口数量很少，<hex:02100103>不过在利姆萨·罗敏萨，却有着相当一部分已经融入了和其他种族共同生活的环境中。<hex:02100103>此外，据说这一种族内还有一部分氏族生活在撒沟厉沙漠等边境地区。
133,逐日之民,,
134,Keepers of the Moon,,护月之民通常自称为“月亮的守卫”，信仰月亮神梅茵菲娜的信徒很多。<hex:02100103>他们主要在黑衣森林过着狩猎生活，也因此与将他们视为偷猎者的<hex:02100103>格里达尼亚居民长年处于对立的状态。<hex:02100103>不过近年来貌似有所和解，现在也有一部分人生活在城邦内。
135,护月之民,,
136,Seewolf,,北洋之民曾是以“海狼”之名从北方的海域侵袭而来的海盗。<hex:02100103>现在作为构成海洋城邦利姆萨·罗敏萨的主要部族，<hex:02100103>多数人都在从事着水手及水兵一类的工作。<hex:02100103>北洋之民一直遵从着古老的传统习惯，他们的名字也是由古鲁加语而来。
137,北洋之民,,
138,Lohengarde,,红焰之民是聚居在北阿巴拉提亚山脉的少数部族。<hex:02100103>因为很多人都从事着传统的佣兵产业，所以他们把名字改成了<hex:02100103>便于记忆的通用语形式。<hex:02100103>现在在乌尔达哈也经常能看到红焰之民活跃在剑斗士和保镖等领域中。
139,红焰之民,,
140,Au Ra,,敖龙族来自东洲奥萨德次大陆。<hex:02100103>这一种族最大的特征是头部明显的双角和一部分鳞质化的皮肤。<hex:02100103>头上的角是他们引以为傲的特征，同时也有着听觉和空间认知的作用。<hex:02100103>虽然有种说法说这个东方的种族是龙的传人，<hex:02100103>但是现在的学术界仍然对这种说法有着极大的争议。<hex:02100103>学者们声称人和龙是不同的物种，完全没有融合的可能。<hex:02100103>最为关键的证据便是龙族的角没有听觉和空间认知能力。<hex:02100103>敖龙族的男性通常身材高大魁梧，女性则小巧可人，<hex:02100103>这也是龙族所不具备的另一特征。
141,敖龙族<hex:020911E802FF05> 男<hex:FF05> 女<hex:FF01><hex:03>,,
142,Raen,,在敖龙族的创世神话中，所有的族人都由晨曦之父与暮晖之母所生。<hex:02100103>晨曦之民除了身上带有发出微弱光芒的白色鳞片之外，<hex:02100103>还继承了晨曦之父安静坚忍的性格。<hex:02100103>晨曦之民原本居住在东洲边境的溪谷地带，<hex:02100103>近年通过海路来到了艾欧泽亚。
143,晨曦之民,,
144,Xaela,,在敖龙族的创世神话中，所有的族人都由晨曦之父与暮晖之母所生。<hex:02100103>暮晖之民除了身上带有发出微弱光芒的黑色鳞片之外，<hex:02100103>还继承了暮晖之母勇猛好斗的性格。<hex:02100103>暮晖之民基本上居无定所，<hex:02100103>总是以家庭为单位不断地从一个地方流浪到另一个地方。
145,暮晖之民,,
146,,,
147,,,
148,,,
149,,,
150,,,
151,,,
152,CUSTOM,,
153,自定义,,
154,哈罗妮,,
155,冰河与战争女神,,
156,梅茵菲娜,,
157,双月与慈爱女神,,
158,沙利亚克,,
159,河流与知识之神,,
160,妮美雅,,
161,行星与命运之神,,
162,利姆莱茵,,
163,海洋与航海女神,,
164,奥修昂,,
165,山岳与放浪之神,,
166,比尔格,,
167,建筑与工艺之神,,
168,拉尔戈,,
169,彗星与破坏之神,,
170,阿泽玛,,
171,太阳与审理女神,,
172,纳尔札尔,,
173,地底与商贸之神,,
174,诺菲卡,,
175,大地与丰饶女神,,
176,阿尔基克,,
177,重力与光阴之神,,
178,Gladiator,剑术师,从短剑到长剑，从双刃的直剑到单刃的弯刀，<hex:02100103>剑术师能够使用一切单手剑与敌人在近距离一决高下。<hex:02100103>剑术师的技巧以守势为主，首先将敌人牢牢牵制住，<hex:02100103>利用盾牌挡下对方的进攻，再用手中的利剑进行回击。<hex:02100103>在团队作战中，剑术师一向勇敢地冲在队伍的最前方，<hex:02100103>成为整个队伍的坚盾，在敌人的攻击中保护同伴不受伤害。<hex:02100103><hex:02100103>以剑术师为初始职业的特职：骑士<hex:02100103>开始地点：乌尔达哈
179,剑术师,,
180,Pugilist,格斗家,格斗家是修炼传统护身术的战士。<hex:02100103>其经过锻炼的拳脚已经拥有超于常人的力量，<hex:02100103>装备格斗武器之后更是如虎添翼，甚至能够使破坏力加倍。<hex:02100103>由于甲胄会妨碍身体活动，所以格斗家们向来轻装上阵。<hex:02100103>降低防御力的同时增强的灵活性及攻击力会令任何敌人为之震颤。<hex:02100103><hex:02100103>以格斗家为初始职业的特职：武僧<hex:02100103>开始地点：乌尔达哈
181,格斗家,,
182,Marauder,斧术师,“大斧”通常是海盗们在破坏敌船或强袭登陆时使用的武器，<hex:02100103>斧术师则是以使用这种高破坏性武器为主的专家。<hex:02100103>虽然大斧给人以很强烈的传统海盗武器的印象，<hex:02100103>但是由于在战争以及讨伐魔物时都有着非常出色的表现，<hex:02100103>所以也有很多斧术师被尊为英雄留下了英名。<hex:02100103>豪爽的战斗方式及出众的破坏力，令斧术师能够深陷敌阵仍悠然自得。<hex:02100103><hex:02100103>以斧术师为初始职业的特职：战士<hex:02100103>开始地点：利姆萨·罗敏萨
183,斧术师,,
184,Lancer,枪术师,枪术师以双手长枪等刺杀武器为主，是身手矫健的战士。<hex:02100103>曾经在强盛的阿拉米格尖枪兵的影响下，出现过一段竞争枪柄长度的风潮，<hex:02100103>不过现在已经发展成多种长枪混合使用了。<hex:02100103>想要将长柄武器掌握得随心所欲可不是一件简单的事情。<hex:02100103>不过，一旦能够掌握其技巧，便可用犹如狂风暴雨般的身手横扫战场。<hex:02100103><hex:02100103>以枪术师为初始职业的特职：龙骑士<hex:02100103>开始地点：格里达尼亚
185,枪术师,,
186,Archer,弓箭手,弓箭手的主旨为利用手中弓箭从远距离外进行狙杀及曲射。<hex:02100103>在艾欧泽亚，最普及的弓术有两种，<hex:02100103>分别为精灵族弓兵所擅长的长弓术及猫魅族猎人代代相传的短弓术。<hex:02100103>理解并掌握每种弓的特性，以及选准有利的位置，是成为一名弓箭手的第一步。<hex:02100103>一旦将技巧熟练掌握之后，战场上就可以带来如雨般的飞箭。<hex:02100103><hex:02100103>以弓箭手为初始职业的特职：吟游诗人<hex:02100103>开始地点：格里达尼亚
187,弓箭手,,
188,Conjurer,幻术师,幻术师能够使用幻术魔法，这是一种受到属性影响很强烈的魔法。<hex:02100103>通过感受自身周围万物，可以发现土、风、水等自然属性。<hex:02100103>携带上以自然物为素材做出的魔器“幻具”，<hex:02100103>便可以将自己的以太与周围的元素转换成魔法。<hex:02100103>由于幻术师都很擅长恢复及强化等施展到肉体身上的魔法，<hex:02100103>所以高级幻术师同时也是一名优秀的医疗能手。<hex:02100103><hex:02100103>以幻术师为初始职业的特职：白魔法师<hex:02100103>开始地点：格里达尼亚
189,幻术师,,
190,Thaumaturge,咒术师,所谓咒术，是指利用自身的消极性情而发动的魔法。<hex:02100103>咒术师能够通过观测自己的内心本性，将心中蕴藏的神秘力量发动出来。<hex:02100103>咒术师所持有的魔器被称为“咒具”，是将念珠嵌入到笏板之中构成。<hex:02100103>并以念珠为集中点注入以太力，便可发动出破坏性极强的魔法。<hex:02100103><hex:02100103>以咒术师为初始职业的特职：黑魔法师<hex:02100103>开始地点：乌尔达哈
191,咒术师,,
192,Arcanist,秘术师,秘术师能够通过法术来操纵特定的使魔。<hex:02100103>秘术以南洋传来的算术为源头，通过独特的几何学图形“魔纹”来控制精神力。<hex:02100103>平时秘术师都会携带描绘有多种魔纹的“魔导书”以便随时变更以太的流动。<hex:02100103>另外，在解开宝珠的神秘原理后，通过特定的魔纹还能够召唤出宝石灵兽。<hex:02100103><hex:02100103>以秘术师为初始职业的特职：召唤师、学者（治疗职业）<hex:02100103>开始地点：利姆萨·罗敏萨
193,秘术师,,
194,Blacksmith,锻铁匠,
195,锻铁匠,,
196,Miner,采矿工,
197,采矿工,,
198,,,
199,,,
200,预设,,
201,身高,,
202,肤色,,
203,声音,,
204,体型,,
205,,,
206,,,
207,体型,,
208,,,
209,胸围,,
210,耳朵大小,,
211,耳朵形状,,
212,,,
213,耳朵大小,,
214,耳朵形状,,
215,胸围,,
216,耳朵大小,,
217,耳朵形状,,
218,,,
219,耳朵大小,,
220,耳朵形状,,
221,胸围,,
222,尾巴长度,,
223,尾巴形状,,
224,,,
225,尾巴长度,,
226,尾巴形状,,
227,胸围,,
228,体型,,
229,,,
230,,,
231,体型,,
232,,,
233,胸围,,
234,发型,,
235,头发特征,,
236,发色,,
237,挑染,,
238,脸部,,
239,脸部特征,,
240,脸部特征颜色,,
241,脸部轮廓,,
242,眉毛,,
243,眼睛,,
244,眼瞳,,
245,瞳色,,
246,鼻型,,
247,嘴型,,
248,唇色,,
249,面妆,,
250,面妆颜色,,
251,确定,,
252,脸部,,
253,尾巴长度,,
254,尾巴形状,,
255,,,
256,尾巴长度,,
257,尾巴形状,,
258,胸围,,
259,,,
260,,,
261,,,
262,,,
263,,,
264,,,
265,最矮,,
266,较矮,,
267,标准,,
268,较高,,
269,最高,,
270,约<hex:022003E80203>.<hex:022003E80303>厘米,,
271,,,
272,,,
273,,,
274,,,
275,类型1,,
276,类型2,,
277,类型3,,
278,类型4,,
279,类型5,,
280,类型6,,
281,类型7,,
282,类型8,,
283,类型9,,
284,类型10,,
285,类型11,,
286,类型12,,
287,,,
288,,,
289,,,
290,非常瘦弱,,
291,比较瘦弱,,
292,标准,,
293,比较强健,,
294,非常强健,,
295,,,
296,,,
297,,,
298,,,
299,,,
300,,,
301,,,
302,,,
303,,,
304,,,
305,非常瘦弱,,
306,比较瘦弱,,
307,标准,,
308,比较强健,,
309,非常强健,,
310,,,
311,,,
312,,,
313,,,
314,,,
315,最小,,
316,较小,,
317,标准,,
318,较大,,
319,最大,,
320,最短,,
321,较短,,
322,标准,,
323,较长,,
324,最长,,
325,类型1,,
326,类型2,,
327,类型3,,
328,类型4,,
329,,,
330,,,
331,,,
332,,,
333,,,
334,,,
335,最短,,
336,较短,,
337,标准,,
338,较长,,
339,最长,,
340,类型1,,
341,类型2,,
342,类型3,,
343,类型4,,
344,,,
345,最小,,
346,较小,,
347,标准,,
348,较大,,
349,最大,,
350,最短,,
351,较短,,
352,标准,,
353,较长,,
354,最长,,
355,类型1,,
356,类型2,,
357,类型3,,
358,类型4,,
359,,,
360,,,
361,,,
362,,,
363,,,
364,,,
365,最短,,
366,较短,,
367,标准,,
368,较长,,
369,最长,,
370,类型1,,
371,类型2,,
372,类型3,,
373,类型4,,
374,,,
375,最小,,
376,较小,,
377,标准,,
378,较大,,
379,最大,,
380,最短,,
381,较短,,
382,标准,,
383,较长,,
384,最长,,
385,类型1,,
386,类型2,,
387,类型3,,
388,类型4,,
389,,,
390,,,
391,,,
392,,,
393,,,
394,,,
395,最短,,
396,较短,,
397,标准,,
398,较长,,
399,最长,,
400,类型1,,
401,类型2,,
402,类型3,,
403,类型4,,
404,,,
405,最小,,
406,较小,,
407,标准,,
408,较大,,
409,最大,,
410,非常瘦弱,,
411,比较瘦弱,,
412,标准,,
413,比较强健,,
414,非常强健,,
415,,,
416,,,
417,,,
418,,,
419,,,
420,,,
421,,,
422,,,
423,,,
424,,,
425,非常瘦弱,,
426,比较瘦弱,,
427,标准,,
428,比较强健,,
429,非常强健,,
430,,,
431,,,
432,,,
433,,,
434,,,
435,最小,,
436,较小,,
437,标准,,
438,较大,,
439,最大,,
440,,,
441,,,
442,,,
443,,,
444,,,
445,DISCIPLES OF WAR,,
446,战斗精英,,
447,DISCIPLES OF MAGIC,,
448,魔法导师,,
449,,,
450,,,
451,,,
452,,,
453,,,
454,,,
455,,,
456,,,
457,,,
458,Hrothgar,,硌狮族来自北洲伊尔萨巴德大陆。<hex:02100103>他们有着发达的肌肉和尖锐的爪子与锋利的牙齿，其长相会让人误以为是狮子或豹子。<hex:02100103>正因为他们的这般长相，所以被其他种族视为野蛮人，导致与其他种族之间的斗争不断。<hex:02100103>直到通用语出现后，各种族才更加了解对方，从而才慢慢加深了相互之间的交流。<hex:02100103>硌狮族男女出生比例非常极端，几乎看不到女性。
459,硌狮族<hex:020911E802FF05> 男<hex:FF05> 女<hex:FF01><hex:03>,,
460,Viera,,维埃拉族是奥萨德次大陆的少数民族，其名字的意思为森林居民。<hex:02100103>自古以来，他们就隐居在森林深处构筑着自己的历史，<hex:02100103>现如今依旧很少出现在其他种族的生活圈内。<hex:02100103>特别是他们有规定成年男性要独自过着流浪生活，所以很少见到男性维埃拉族。<hex:02100103>另外，维埃拉族的外观与人族和精灵族非常相近，特征则是那发达的大长耳朵。
461,维埃拉族<hex:020911E802FF05> 男<hex:FF05> 女<hex:FF01><hex:03>,,
462,Helions,,拥有暖色毛发的硌狮部族。<hex:02100103>他们以女王为中心，生活在北洲大陆南部的博兹雅地区。<hex:02100103>在他们自己的语言中并不存在对自身部族的称呼，<hex:02100103>不过那以一名女性指导者为中心，多数男性为之行动的社会构造，<hex:02100103>正像是以太阳为中心环绕的彗星，因此通用语中将他们称为掠日之民。
463,掠日之民,,
464,The Lost,,拥有冷色毛发的硌狮部族。<hex:02100103>在很久以前，他们舍去了定居生活，开始了流浪生活。<hex:02100103>他们时而是体力劳动者，时而是助人的佣兵，有时甚至是旅行商人，<hex:02100103>根据不同时期改变自己的职业，过着随性的自由生活。<hex:02100103>这种生活方式被比喻为远离太阳的彗星，故被称作迷踪之民。
465,迷踪之民,,
466,Rava,,拥有褐色皮肤能够融入昏暗密林的维埃拉部族。<hex:02100103>他们将葛尔摩大密林视为圣地，称自己为森林的守护者，<hex:02100103>对未经允许就踏入森林的人，将会用长枪与弓箭欢迎对方。<hex:02100103>在受到旧达尔马斯卡王国统治的时期，他们依然享有自治权。<hex:02100103>虽然大部分族人至今维持着古朴的生活习惯，不过也有小部分人离开森林去到了外界生活。
467,密林之民,,
468,Veena,,拥有白色皮肤如同飘雪点缀山林的维埃拉部族。<hex:02100103>他们以斯卡提山脉南侧的山腹附近为根据地，<hex:02100103>坚持着古时延续下来的狩猎采集的生活，完全断绝与外界的接触。<hex:02100103>其中也有人舍弃了这种生活，走出了故乡，<hex:02100103>因受到战乱余波的影响，其中一部分人前往了艾欧泽亚。
469,山林之民,,
470,,,
471,哈罗妮是司掌冰河与战争的女神，同时也是伊修加德城邦的守护神。<hex:02100103>她有着冰属性的神力，负责管理星一月的运行。<hex:02100103>据传说，哈罗妮是破坏神拉尔戈的女儿，也是大地神诺菲卡的敌人。<hex:02100103>她经常被描绘为一位装备着青铜巨盾的强大战士。象征符号则是三把并列的尖枪。,,
472,梅茵菲娜是司掌双月与慈爱的女神。<hex:02100103>她有着冰属性的神力，负责管理灵一月的运行。<hex:02100103>据传说，梅茵菲娜是太阳神阿泽玛同父异母的妹妹，也是山岳神奥修昂的恋人。<hex:02100103>她经常被描绘为一位手持平底锅的侍女。象征符号则是一轮满月。,,
473,沙利亚克是司掌河流与知识的男神，同时也是萨雷安城邦的守护神。<hex:02100103>他有着水属性的神力，负责管理星二月的运行。<hex:02100103>据传说，沙利亚克是海洋神利姆莱茵的父亲，也是工艺神比尔格的师傅。<hex:02100103>他经常被描绘为一位手持白蜡木手杖的学者。象征符号则是一个卷轴。,,
474,妮美雅是司掌行星与命运的女神。<hex:02100103>她有着水属性的神力，负责管理灵二月的运行。<hex:02100103>据传说，妮美雅是光阴神阿尔基克的妹妹，也是破坏神拉尔戈的主人。<hex:02100103>她经常被描绘为一位披戴着白色面纱的纺织人。象征符号则是一架纺车。,,
475,利姆莱茵是司掌海洋与航海的女神，同时也是利姆萨·罗敏萨城邦的守护神。<hex:02100103>她有着风属性的神力，负责管理星三月的运行。<hex:02100103>据传说，利姆莱茵是河川神沙利亚克的女儿，也是大地神诺菲卡的姐姐。<hex:02100103>她经常被描绘为一位手持长尖渔叉的健壮渔民。象征符号则是一朵浪花。,,
476,奥修昂是司掌山岳与放浪的男神。<hex:02100103>他有着风属性的神力，负责管理灵三月的运行。<hex:02100103>据传说，奥修昂是商贸神纳尔札尔的结义兄弟，也是战争神哈罗妮的挚友。<hex:02100103>他经常被描绘为一位手持紫杉木弓的悠闲猎人。象征符号则是一把登山手杖。,,
477,比尔格是司掌建筑与工艺的男神。<hex:02100103>他有着雷属性的神力，负责管理星四月的运行。<hex:02100103>据传说，比尔格是河川神沙利亚克的弟子，也是战争神哈罗妮的兄长。<hex:02100103>他经常被描绘为一位手持双头铁锤的老实铁匠。象征符号则是一只灵巧的手。,,
478,拉尔戈是司掌彗星与破坏的男神，同时也是阿拉米格城邦的守护神。<hex:02100103>他有着雷属性的神力，负责管理灵四月的运行。<hex:02100103>据传说，拉尔戈是行星神妮美雅的仆人，也是工艺神比尔格和战争神哈罗妮的养父。<hex:02100103>他经常被描绘为一位手持黄铜手杖的魔法师。象征符号则是一颗流星。,,
479,阿泽玛是司掌太阳与审理的女神。<hex:02100103>她有着火属性的神力，负责管理星五月的运行。<hex:02100103>据传说，阿泽玛是光阴神阿尔基克的女儿，也是慈爱神梅茵菲娜的姐姐。<hex:02100103>她经常被描绘为一位手持黄金扇的贵妇。象征符号则是一轮旭日。,,
480,纳尔札尔是司掌地底与商贸的男神，同时也是乌尔达哈城邦的守护神。<hex:02100103>他有着火属性的神力，负责管理灵五月的运行。<hex:02100103>据传说，纳尔札尔有着名为纳尔和札尔的两张面孔，是一个双子神。<hex:02100103>他经常被描绘为一位手持天平的机敏商人。象征符号则是贝壳货币。,,
481,诺菲卡是司掌大地与丰饶的女神，同时也是格里达尼亚城邦的守护神。<hex:02100103>她有着土属性的神力，负责管理星六月的运行。<hex:02100103>据传说，诺菲卡是太阳神阿泽玛的女儿，也是海洋神利姆莱茵的妹妹。<hex:02100103>她经常被描绘为一位手持钢铁镰刀的开朗农民。象征符号则是表示春天的绿叶。,,
482,阿尔基克是司掌重力与光阴的男神。<hex:02100103>他有着土属性的神力，负责管理灵六月的运行。<hex:02100103>据传说，阿尔基克是行星神妮美雅的兄长，也是太阳神阿泽玛与月亮神梅茵菲娜的父亲。<hex:02100103>他经常被描绘为一位手持秘银大斧的帝王。象征符号则是一个沙漏。,,
483,,,
484,,,
485,,,
486,,,
487,,,
488,,,
489,,,
490,,,
491,,,
492,,,
493,,,
494,,,
495,,,
496,,,
497,,,
498,,,
499,,,
500,CASTING,,
501,创建角色,,
502,蝰蛇剑士,,
503,,,
504,装备,,
505,创建角色,,
506,确定,,
507,返回,,
508,,,
509,,,
510,默认出演（中原之民男性）,,
511,存档<hex:022003E80203>:<hex:020929E804FF12><hex:02280BFF06>Tribe<hex:E8030103>男<hex:FF12><hex:02280BFF06>Tribe<hex:E8030203>女<hex:03>,,
512,该角色仅用来演示游戏影像，无法变更身上的装备。,,
513,没有任何储存时的留言。,,
514,将角色的预览服装更换为战斗职业的专有装备。(游戏演示中无法选择角色的战斗职业因此无法使用本功能),,
515,,,
516,,,
517,,,
518,,,
519,,,
520,,,
521,,,
522,,,
523,,,
524,,,
525,,,
526,,,
527,,,
528,,,
529,,,
530,(开始地：<hex:02280AFF05>Town<hex:E8030103>),,
531,剑术师,,
532,格斗家,,
533,斧术师,,
534,枪术师,,
535,弓箭手,,
536,幻术师,,
537,咒术师,,
538,秘术师,,
539,,,
540,最短,,
541,较短,,
542,标准,,
543,较长,,
544,最长,,
545,类型1,,
546,类型2,,
547,类型3,,
548,类型4,,
549,,,
550,,,
551,,,
552,,,
553,,,
554,,,
555,最短,,
556,较短,,
557,标准,,
558,较长,,
559,最长,,
560,类型1,,
561,类型2,,
562,类型3,,
563,类型4,,
564,,,
565,最小,,
566,较小,,
567,标准,,
568,较大,,
569,最大,,
570,,,
571,,,
572,,,
573,,,
574,,,
575,,,
576,,,
577,,,
578,,,
579,,,
580,,,
581,,,
582,,,
583,,,
584,,,
585,,,
586,,,
587,,,
588,,,
589,,,
590,,,
591,,,
592,,,
593,,,
594,,,
595,,,
596,,,
597,,,
598,,,
599,,,
600,<hex:021E021803>旋转视角 <hex:021E021503>旋转背景 <hex:021E020D03>+<hex:021E021903>缩放 <hex:021E021403>回转方向反转,,
601,,,
602,<hex:021E021803>旋转视角 <hex:021E021503>旋转背景 <hex:021E020D03>+<hex:021E021903>缩放 <hex:021E020D03>+<hex:021E021603>上下移动 <hex:021E021403>回转方向反转,,
603,,,
604,,,
605,,,
606,,,
607,,,
608,,,
609,,,
610,<hex:021E020C03>软键盘,,
611,<hex:021E020B03>次级指令,,
612,左键拖拽：旋转视角 右键拖拽：旋转背景 转动鼠标滚轮：缩放,,
613,左键拖拽：旋转视角 右键拖拽：旋转背景 转动鼠标滚轮：缩放 鼠标滚轮按下拖拽：上下移动,,
614,,,
615,剩余天数：<hex:022003E80203>天,,
616,累计获得奖励　<hex:020824E1E80201FF10>等级：<hex:022003E80203><hex:FF0D>尚未获得<hex:03>,,
617,累计利用天数：<hex:022206E802FF022C03>天<hex:02083DE4E80301FF01><hex:FF35><hex:02100103>距离下一份礼物所需天数：<hex:022206E803FF022C03>天<hex:03>,,
618,剩余天数<hex:022003E80203>天。<hex:02100103>提醒您提前到官网进行充值。<hex:02100103>https://sqex.to/Msp,,
619,免费体验时间还剩<hex:022003E80203>天。<hex:02100103>体验结束后如果想继续游玩，请前往官网进行充值。<hex:02100103>官网地址：<hex:02100103>http://ff.sdo.com,,
620,,,
621,确定要将雇员的形象设置成目前的样子吗？,,
622,中断设置雇员形象。,,
623,确定要中断设置雇员的形象吗？,,
624,,,
625,确定要中止编辑角色容貌吗？<hex:02100103>正在编辑中的容貌会被完全放弃。,,
626,确定要完成角色容貌的编辑吗？,,
627,确定要放弃编辑中的容貌吗？<hex:02100103>角色会还原成当前的容貌。,,
628,,,
629,确定要以“<hex:022903EA0203>”登录游戏吗？<hex:02100103><hex:024804F201FA03><hex:024904F201FB03>※可以通过次级指令重新编辑角色形象。<hex:0249020103><hex:0248020103>,,
630,可以对角色的种族、性别及外貌进行更改。请在次级指令中选择“重新编辑角色”。,,
631,确定要对角色的种族、性别及外貌进行更改吗？<hex:02100103><hex:024804F201FA03><hex:024904F201FB03>※不进行重新编辑也可以直接登录游戏。<hex:02100103>※特定条件下的发型和面妆会回到初始状态。<hex:02100103>※发型与头部装备的显示会根据种族不同有所限制。<hex:0249020103><hex:0248020103>,,
632,要重新设置角色的种族、性别以及外貌，需要提前卸下全部防具、首饰和面部配饰。<hex:02100103>请登录后在角色画面将相关装备都卸下，再退回到登录界面。,,
633,确定要将上述更改反映到实际角色上吗？<hex:02100103><hex:024804F201FA03><hex:024904F201FB03>※种族不同在美容师处可选的发型也会有所不同。<hex:0249020103><hex:0248020103>,,
634,确定要中断重新编辑角色形象吗？,,
635,,,
636,：标记发型,,
637,<hex:021E020E03>：标记发型,,
638,只显示标记的发型,,
639,通过使用“<hex:02280AFF05>Item<hex:E8020103>”才可以在美容师处选择的特殊发型。,,
640,通过完成季节活动“未知的女骑士”或使用“<hex:02280AFF05>Item<hex:E8020103>”才可以在美容师处选择的特殊发型。,,
641,为举办“永结同心典礼”做准备后才可以在美容师处选择的特殊发型。,,
642,通过完成季节活动“令人惊讶的变身奇术”至“带来欢笑的幸运魔咒”或使用“<hex:02280AFF05>Item<hex:E8020103>”才可以在美容师处选择的特殊面妆。,,
643,通过使用“<hex:02280AFF05>Item<hex:E8020103>”才可以在美容师处选择的特殊面妆。,,
644,,,
645,因角色在任务过程中登出或断开连接，无法重新编辑角色。<hex:02100103>请先登入游戏，退出任务后重新尝试。,,
646,因角色处于任务中，无法变更种族、性别以及外观。,,
647,因角色位于陌迪翁牢狱，无法重新编辑角色。,,
648,现在无法变更角色的种族、性别以及外观。,,
649,,,
650,是否要从现在连接中的<hex:022903EA0203>大区重新连接到<hex:022903EA0303>大区？,,
651,保存界面各窗口的位置以及大小等情报，<hex:02100103>包含部分窗口内保存的设置情报。,界面设置,
652,保存每个职业的热键栏与十字热键栏情报。,热键栏,
653,保存套装列表情报。,套装列表,
654,保存角色的鼠标或手柄的操作类型设置，<hex:02100103>包括键位设置、消息过滤等情报。,角色设置,
655,保存各个角色专用宏的情报。,角色专用宏,
656,保存技能变换设置、坐骑列表的常用列表<hex:02100103>以及肖像设计等情报。,其他,
657,,,
658,,,
659,,,
660,勾选  全选,,
661,<hex:021E020903>勾选  <hex:021E020B03>全选,,
662,,,
663,,,
664,,,
665,,,
666,,,
667,,,
668,,,
669,,,
670,,,
671,,,
672,,,
673,,,
674,,,
675,,,
676,,,
677,,,
678,,,
679,,,
680,100级特职专用装备,,
681,种族装备,,
682,龙神装备,,
683,加隆德装备,,
684,亚历山大装备,,
685,堕龙装备,,
686,漩涡精英装备,,
687,牙蛇精英装备,,
688,耀辉精英装备,,
689,源氏装备,,
690,欧米茄装备,,
691,地狱犬装备,,
692,矮人装备,,
693,伊甸之晨装备,,
694,荒天装备,,
695,光之战士装备,,
696,野玫瑰装备,,
697,月卫装备,,
698,孤云装备,,
699,狮心装备,,
700,坦塔罗斯装备,,
701,艾普/大召唤士装备,,
702,斯诺/雷光装备,,
703,萨雷安神童装备,,
704,路西斯王子装备,,
705,美堤亚装备,,
706,波奇装备,,
707,,,
708,,,
709,,,
710,,,
711,,,
712,,,
713,,,
714,,,
715,,,
716,,,
717,,,
718,,,
719,,,
720,,,
721,,,
722,,,
723,,,
724,,,
725,,,
726,,,
727,,,
728,,,
729,,,
730,,,
731,,,
732,,,
733,,,
734,,,
735,,,
736,,,
737,,,
738,,,
739,,,
740,,,
741,,,
742,,,
743,,,
744,,,
745,,,
746,,,
747,,,
748,,,
749,,,
750,,,
751,,,
752,,,
753,,,
754,,,
755,,,
756,,,
757,,,
758,,,
759,,,
760,,,
761,,,
762,,,
763,,,
764,,,
765,,,
766,,,
767,,,
768,,,
769,,,
770,,,
771,,,
772,,,
773,,,
774,,,
775,,,
776,,,
777,,,
778,,,
779,,,
780,,,
781,,,
782,,,
783,,,
784,,,
785,,,
786,,,
787,,,
788,,,
789,,,
790,,,
791,,,
792,,,
793,,,
794,,,
795,,,
796,,,
797,,,
798,,,
799,,,
800,DATA CENTER SELECT,,
801,选择大区,,
802,Data Center,,
803,INFORMATION,,
804,World,,
805,,,
806,推荐居住在<hex:020933E802FF07>日本<hex:FF07>日本<hex:FF07>日本<hex:FF07>北美<hex:FF07>北美<hex:FF07>欧洲<hex:03>的玩家使用的数据中心。<hex:02100103>可以在以下服务器中创建角色并进入游戏。,,
807,,,
808,正在连接到数据中心服务器。,,
809,正在从数据中心中获取角色列表。,,
810,确定,,
811,取消,,
812,日本数据中心,,
813,北美数据中心,,
814,欧洲数据中心,,
815,大洋洲数据中心,,
816,,,
817,,,
818,,,
819,,,
820,“服务器”即是您的角色所在的世界。<hex:02100103>选定原始服务器之后，没有特殊情况无法变更。<hex:02100103>如果想和朋友一起体验«最终幻想14»的乐趣，<hex:02100103>建议将角色建在同一个服务器里。<hex:02100103>如果没看到您计划前往的服务器，<hex:02100103>有可能是该服务器位于其他大区。<hex:02100103>您可以退出游戏重新选择正确的大区进入。<hex:02100103><hex:02100103>请注意，带(LEGACY)的服务器为继承自1.0的服务器。<hex:02100103><hex:02100103>目前选择的大区 : <hex:02282CFF11>WorldDCGroupType<hex:E802FF16>WORLDDCGROUPTYPE_NAME<hex:03> <hex:020844E1E80401FF3C><hex:020932E804FF07>日本<hex:FF07>北美<hex:FF07>欧洲<hex:FF0A>大洋洲<hex:FF01><hex:FF01><hex:FF07>北美<hex:03>推荐<hex:FF01><hex:03><hex:020876E4E80302FF6E><hex:02100103><hex:02100103><hex:0212026403><hex:024804F201FA03><hex:024904F201FB03>目前在此服务器创建角色可享经验值加成等多项特典！<hex:0249020103><hex:0248020103><hex:FF01><hex:03><hex:0208F2010EE4E80303FFF20104><hex:02100103><hex:02100103><hex:024804F201FE03><hex:024904F201FF03>这个服务器目前限制创建新角色。<hex:02100103>请等待解除限制，或在其他服务器创建角色。<hex:02100103>在其他服务器创建角色并开始游戏后，<hex:02100103>可以使用跨界传送等功能移动到这个服务器。<hex:0249020103><hex:0248020103><hex:FF01><hex:03>,,
821,,,
822,,,
823,读取在<hex:020703E80203><hex:022002DF03>/<hex:022002DE03>/<hex:022002DC03> <hex:022002DB03>:<hex:022402DA03>保存的<hex:022003E80303>号<hex:020929E805FF12><hex:02280BFF06>Tribe<hex:E8040103>男<hex:FF12><hex:02280BFF06>Tribe<hex:E8040203>女<hex:03>人物形象数据。,,
824,在“最终幻想XIV”文件夹中检测到了人物形象数据。<hex:02100103>请选择要读取的数据，前往创建人物形象的最后一步。,,
825,,,
826,,,
827,,,
828,,,
829,,,
830,,,
831,,,
832,要载入事先建好的角色数据吗？,,
833,,,
834,,,
835,,,
836,PlayStation®4版尚未开始提供该服务，<hex:02100103>请耐心等待。,,
837,<hex:02100103>（复制对象）,,
838,<hex:02100103>（覆盖对象）,,
839,<hex:021E020603>滚动,,
840,备份客户端通用设置数据,,
841,备份角色设置数据,,
842,备份角色设置数据,,
843,CLIENT SETTINGS BACKUP,,
844,CHARACTER SETTINGS BACKUP,,
845,CLIENT SETTINGS BACKUP DATA,,
846,CHARACTER SETTINGS BACKUP DATA,,
847,下载,,
848,上传,,
849,,,
850,,,
851,备份<hex:024804F2023703><hex:024904F2023803>客户端通用设置数据<hex:0249020103><hex:0248020103>，包括全角色公用宏还有界面尺寸、声音设置等一部分系统设置。<hex:02100103>※受设备环境影响的画面分辨率、控制设备等设置不在备份范围内。,,
852,将<hex:024804F2023903><hex:024904F2023A03>角色专有设置数据<hex:0249020103><hex:0248020103>备份到服务器保存，包括角色设置、界面布局、热键栏、套装列表等。<hex:02100103>※道具整理与所持状况确认用数据不在备份范围内。,,
853,,,
854,,,
855,免费体验期玩家无法使用此功能。,,
856,服务器繁忙，暂时无法使用此功能。,,
857,下载,,
858,上传,,
859,服务器数据备份,,
860,本地客户端数据,,
861,将<hex:024804F2023703><hex:024904F2023803>客户端通用设置数据<hex:0249020103><hex:0248020103>保存到服务器。<hex:02100103>※保存数据到服务器后，须经过23小时才能再次保存。,,
862,将所选角色的<hex:024804F2023903><hex:024904F2023A03>角色设置数据<hex:0249020103><hex:0248020103>保存到服务器。<hex:02100103>※保存数据到服务器后，须经过23小时才能再次保存。,,
863,用服务器上保存的<hex:024804F2023703><hex:024904F2023803>客户端通用设置数据<hex:0249020103><hex:0248020103>覆盖当前本地的设置。,,
864,用服务器上保存的<hex:024804F2023903><hex:024904F2023A03>角色设置数据<hex:0249020103><hex:0248020103>覆盖所选角色当前本地的设置。,,
865,使用其他角色的角色设置数据。,,
866,当前角色,,
867,最近备份过的其他角色（限同一大区内的角色）,,
868,无数据,,
869,备份日期：<hex:020703E80203><hex:022002DF03>/<hex:022002DE03>/<hex:022002DC03> <hex:022002DB03>:<hex:022402DA03>,,
870,,,
871,已做好备份准备。,,
872,已做好下载准备。,,
873,用其他角色的<hex:024804F2023903><hex:024904F2023A03>角色设置数据<hex:0249020103><hex:0248020103>覆盖所选角色当前本地的设置。,,
874,数据一致，无需上传。,,
875,备份过于频繁，暂时无法备份。<hex:02100103>下次可备份时间：<hex:020703E80203><hex:022002DF03>/<hex:022002DE03>/<hex:022002DC03> <hex:022002DB03>:<hex:022402DA03>,,
876,没有客户端通用设置数据的备份。,,
877,所选角色没有备份数据。,,
878,这是初始状态的数据。,,
879,暂时不能进行上传。,,
880,备份服务暂停提供。,,
881,,,
882,,,
883,,,
884,数据准备就绪,,
885,备份准备中。,,
886,正在下载备份数据。,,
887,正在上传备份数据。,,
888,服务器备份数据已覆盖本地客户端通用设置数据。<hex:02100103><hex:024804F201FC03><hex:024904F201FD03>※部分设置需要重启游戏后生效。<hex:0249020103><hex:0248020103>,,
889,本地的客户端通用设置数据已上传服务器保存。,,
890,服务器备份数据已覆盖本地<hex:022903EA0203><hex:0212025903><hex:022903EA0303>的设置数据。<hex:02100103><hex:024804F201FC03><hex:024904F201FD03>※声音等设置在另外的客户端通用设置数据内，请互相结合使用。<hex:0249020103><hex:0248020103>,,
891,本地<hex:022903EA0203><hex:0212025903><hex:022903EA0303>的数据已上传服务器保存。<hex:02100103><hex:024804F201FC03><hex:024904F201FD03>※声音等设置在另外的客户端通用设置数据内，请互相结合使用。<hex:0249020103><hex:0248020103>,,
892,设置数据不足，无法备份。<hex:02100103>请先使用角色登录游戏，然后返回标题画面重试。<hex:02100103>[<hex:022003E80203>],,
893,设置数据损坏，无法备份。<hex:02100103>请先使用角色登录游戏，然后返回标题画面重试。<hex:02100103>[<hex:022003E80203>],,
894,备份数据创建失败。<hex:02100103>请先使用角色登录游戏，然后返回标题画面重试。<hex:02100103>[<hex:022003E80203>],,
895,数据上传失败。<hex:02100103>请先使用角色登录游戏后返回标题画面，<hex:02100103>然后过段时间后再试。<hex:02100103>[<hex:022003E80203>],,
896,下载备份数据失败。<hex:02100103>请先使用角色登录游戏后返回标题画面，<hex:02100103>然后过段时间后再试。<hex:02100103>[<hex:022003E80203>],,
897,硬盘空间不足，覆盖失败。<hex:02100103>[<hex:022003E80203>],,
898,发生错误。<hex:02100103>请过段时间后再试。<hex:02100103>[<hex:022003E80203>],,
899,与当前数据一致，无需下载。,,
900,保存界面显示尺寸、帧数限制等信息。<hex:02100103>※分辨率等受设备环境影响的设置不在保存范围内。,显示设置,
901,保存音量、静音等设置。,声音设置,
902,保存鼠标与手柄的各种设置。<hex:02100103>※受控制设备影响的设置不在保存范围内。,控制器设置,
903,保存窗口颜色主题的设置。,颜色主题设置,
904,保存过场动画的语音等设置。<hex:02100103>※受设备环境影响的设置不在保存范围内。,其他设置,
905,保存声音的视觉表现、色觉多样性设置。,辅助功能设置,
906,保存角色公用宏的情报。<hex:02100103>※角色专用宏则需要在角色设置数据里备份。,角色公用宏,
907,,,
908,,,
909,,,
910,,,
911,,,
912,,,
913,,,
914,,,
915,,,
916,,,
917,,,
918,,,
919,,,
920,保存鼠标或手柄的操作类型设置。,角色设置,
921,保存界面各窗口的位置与尺寸等情报。,界面设置,
922,保存每个职业的热键栏与十字热键栏情报。,热键栏,
923,保存套装列表情报。,套装列表,
924,保存键位设置情报。,键位设置,
925,保存消息窗口用的消息过滤设置。,消息过滤设置,
926,保存角色专用宏的情报。<hex:02100103>※角色公用宏则需要在客户端通用设置数据里备份。,角色专用宏,
927,保存九宫幻卡、萌宠之王等设置情报。,其他,
928,保存好友名单的分组名、战友列表等情报。,社交,
929,,,
930,,,
931,,,
932,,,
933,,,
934,,,
935,,,
936,,,
937,,,
938,,,
939,,,
940,恢复,,
941,恢复<hex:020812E4E94C01FF04>宏<hex:FF07>设置<hex:03>,,
942,恢复设置,,
943,恢复<hex:020827E4E94C01FF0A>公用宏<hex:FF16>客户端通用设置<hex:03>,,
944,,,
945,恢复对象：<hex:024804F2023703><hex:024904F2023803>客户端通用设置数据<hex:0249020103><hex:0248020103><hex:020822E4E94C01FF1A><hex:02100103>中的100个公用宏<hex:FF01><hex:03>,,
946,下载备份的客户端通用设置数据时如果发生问题，<hex:02100103>可选择将<hex:020815E4E94C01FF0D>公用宏的<hex:FF01><hex:03>数据恢复到下载开始前的状态。<hex:02100103>请选择用来恢复的数据。,,
947,下载服务器上保存的备份数据进行覆盖时，<hex:02100103>会自动保存最多10个恢复用数据。<hex:02100103>现在还没有恢复用数据。,,
948,数据日期：<hex:020703E80203><hex:022002DF03>/<hex:022002DE03>/<hex:022002DC03> <hex:022002DB03>:<hex:022402DA03>,,
949,恢复角色设置,,
950,,,
951,,,
952,下载备份的角色设置数据时如果发生问题，<hex:02100103>可选择将角色设置数据恢复到下载开始前的状态。<hex:02100103>请选择用来恢复的数据。,,
953,下载服务器上保存的备份数据进行覆盖时，<hex:02100103>会自动保存最多10个恢复用数据。<hex:02100103>现在还没有恢复用数据。,,
954,确定要使用<hex:020703E80203><hex:022002DF03>/<hex:022002DE03>/<hex:022002DC03> <hex:022002DB03>:<hex:022402DA03>的数据<hex:02100103>恢复<hex:02082DE4E94C01FF10>角色公用宏<hex:FF16>客户端通用设置<hex:03>吗？,,
955,确定要使用<hex:020703E80203><hex:022002DF03>/<hex:022002DE03>/<hex:022002DC03> <hex:022002DB03>:<hex:022402DA03>的数据<hex:02100103>恢复角色设置吗？,,
956,<hex:02082DE4E94C01FF10>角色公用宏<hex:FF16>客户端通用设置<hex:03>恢复成功。,,
957,<hex:02082DE4E94C01FF10>角色公用宏<hex:FF16>客户端通用设置<hex:03>恢复失败。,,
958,角色设置恢复成功。,,
959,角色设置恢复失败。,,
960,备份的数据存在问题，下载失败。,,
961,破损数据,,
962,此为将您本地保存的界面、热键栏等情报上传到服务器备份或下载下来使用的功能。<hex:02100103>利用本功能可以让您在其他设备游玩时继承很大一部分设置。<hex:02100103><hex:02100103>在使用此功能上传、下载前，强烈建议玩家自行在本地备份一份设置文件。除了通过自己手动备份外，也可以通过登录器设置里的备份还原选项进行备份。,,
963,,,
964,,,
965,,,
966,恢复用数据列表获取失败。,,
967,恢复用数据列表获取失败。,,
968,所选恢复用数据获取失败。,,
969,恢复失败。,,
970,恢复准备工作失败。,,
971,恢复任务失败。,,
972,,,
973,正在搜索恢复用数据。,,
974,正在准备下载。,,
975,复制其他角色的设置数据,,
976,,,
977,,,
978,,,
979,备份系统设置数据,,
980,系统设置备份的更新提示,,
981,已确认。,,
982,自您上次备份<hex:02083FE4E80303FF05><hex:02100103><hex:FF33>客户端通用设置数据<hex:020814E4E80302FF05><hex:02100103><hex:FF08><hex:02100103>及<hex:03><hex:03><hex:020834E4E80302FF01><hex:FF2C>最后登录角色的角色设置数据<hex:02100103><hex:03>已经过了<hex:022003E80203>天。<hex:02100103>推荐您定期更新备份数据。,,
983,自上次备份经过一段期间后进行通知。,,
984,※从系统设置中也可以变更通知设置。,,
985,确认,,
986,,,
987,复制指定角色的设置数据。<hex:02100103>※请根据需要使用备份功能。,,
988,,,
989,,,
990,,,
991,游戏说明,,
992,,,
993,复制角色设置,,
994,请选择想要复制的角色设置。,,
995,可以将同一账号下其他角色的界面设置<hex:02100103>以及热键栏键位等设置数据复制到当前角色。<hex:02100103>请选择想要复制的角色。<hex:02100103>※最多显示8位最近在当前设备登录过游戏的角色。,,
996,正在搜索其他角色的设置数据。,,
997,没有找到可以复制的角色设置数据。,,
998,角色设置数据复制完成。<hex:02100103>该角色下次登录时将适用新的设置数据。,,
999,,,
1000,尾巴长度,,
1001,尾巴形状,,
1002,,,
1003,最短,,
1004,,,
1005,,,
1006,,,
1007,最长,,
1008,,,
1009,,,
1010,,,
1011,,,
1012,,,
1013,毛纹,,
1014,毛色,,
1015,耳朵长度,,
1016,耳朵形状,,
1017,胸围,,
1018,最短,,
1019,,,
1020,,,
1021,,,
1022,最长,,
1023,类型1,,
1024,类型2,,
1025,类型3,,
1026,类型4,,
1027,,,
1028,最小,,
1029,,,
1030,,,
1031,,,
1032,最大,,
1033,耳朵形状,,
1034,耳朵长度,,
1035,最短,,
1036,最长,,
1037,胸围,,
1038,最小,,
1039,最大,,
1040,尾巴形状,,
1041,尾巴长度,,
1042,最短,,
1043,最长,,
1044,牙齿长度,,
1045,刺青与装饰,,
1046,刺青与装饰颜色,,
1047,耳尖毛与眉毛与眼线,,
1048,,,
1049,,,
1050,类型1,,
1051,类型2,,
1052,类型3,,
1053,类型4,,
1054,,,
1055,类型1,,
1056,类型2,,
1057,类型3,,
1058,类型4,,
1059,类型5,,
1060,类型6,,
1061,,,
1062,,,
1063,,,
1064,,,
1065,类型1,,
1066,类型2,,
1067,类型3,,
1068,类型4,,
1069,类型5,,
1070,类型6,,
1071,,,
1072,,,
1073,,,
1074,,,
1075,较大,,
1076,较小,,
1077,,,
1078,,,
1079,,,
1080,类型1,,
1081,类型2,,
1082,类型3,,
1083,类型4,,
1084,类型5,,
1085,类型6,,
1086,,,
1087,,,
1088,,,
1089,,,
1090,类型1,,
1091,类型2,,
1092,类型3,,
1093,类型4,,
1094,,,
1095,,,
1096,,,
1097,,,
1098,,,
1099,,,
1100,移动到空闲服务器,,
1101,为避免拥挤，暂时移动到空闲服务器。<hex:02100103><hex:024804F2023703><hex:024904F2023803>·登入的服务器将会由系统自动选择<hex:02100103>·登入后将会从角色创建时所选城邦的以太之光处开始<hex:0249020103><hex:0248020103><hex:02100103>相关注意事项可以查看下方跨界传送的说明。,,
1102,确认跨界传送的注意事项,,
1103,关闭,,
1104,移动到空闲服务器,,
1105,取消,,
1106,正在移动到空闲服务器，请稍候。,,
1107,现在无法使用此功能。,,
1108,距离上次移动时间过短，请经过一段时间后再尝试移动。,,
1109,进行移动前，请先通过次级指令选择“修改姓名”，确定好角色的新名字。,,
1110,进行移动前，请先通过次级指令选择“修改雇员姓名”，确定好雇员的新名字。,,
1111,角色上次结束游戏或掉线的地点为副本任务内，无法<hex:020842E1E80201FF1C>“返回原始服务器”<hex:FF1F>“移动到空闲服务器”<hex:03>。<hex:02100103>请先登录一次再进行该操作。,,
1112,角色还未完成游戏的初始教学，无法移动到空闲服务器。,,
1113,角色在陌迪翁牢狱内，无法<hex:020842E1E80201FF1C>“返回原始服务器”<hex:FF1F>“移动到空闲服务器”<hex:03>。,,
1114,“移动到空闲服务器”功能临时维护中。,,
1115,没能顺利移动到空闲服务器。请在经过一段时间后，通过次级指令再次尝试。,,
1116,已经顺利移动到<hex:022903EA0203>，可以正常进入游戏。,,
1117,返回原始服务器,,
1118,<hex:021E021903>滚动说明文,,
1119,,,
1120,,,
1121,,,
1122,,,
1123,,,
1124,,,
1125,,,
1126,,,
1127,,,
1128,,,
1129,,,
1130,,,
1131,,,
1132,,,
1133,,,
1134,,,
1135,,,
1136,,,
1137,,,
1138,,,
1139,,,
1140,,,
1141,,,
1142,,,
1143,,,
1144,,,
1145,,,
1146,,,
1147,,,
1148,,,
1149,,,
1150,前往其他大区游玩,,
1151,返回原始大区,,
1152,来自,,
1153,已前往,,
1154,<hex:022903EA0203> （<hex:022903EA0303>）,,
1155,前往其他大区的服务器进行游玩吧！<hex:02100103>在其他大区依旧可以自由组队、参加招募、购买物品以及进行任务。<hex:02100103>尽情享受超域传送带来的乐趣吧！<hex:02100103><hex:02100103>※通过超域传送去往其他服务器时无法使用原始大区的通信贝和部队，此外还有其他部分限制，敬请谅解。,,
1156,查看超域传送的注意事项,,
1157,已确认并同意注意事项,,
1158,选择服务器,,
1159,取消,,
1160,,,
1161,关闭,,
1162,请选择想去游玩的大区和服务器。<hex:02100103>预测需要时间：<hex:0208C5E3E8023DFF0E>不到1分钟<hex:FFB0><hex:0208ACE3E80279FF0E>不到2分钟<hex:FF97><hex:020893E3E802B5FF0E>不到3分钟<hex:FF7E><hex:02087AE3E802F2012CFF0E>不到5分钟<hex:FF63><hex:02085FE3E802F20258FF0F>不到10分钟<hex:FF47><hex:020843E3E802F204B0FF0F>不到20分钟<hex:FF2B>当前拥挤，可能花费很长时间。<hex:03><hex:03><hex:03><hex:03><hex:03><hex:03>,,
1163,返回原始大区的原始服务器。<hex:02100103>预测需要时间：<hex:0208C5E3E8023DFF0E>不到1分钟<hex:FFB0><hex:0208ACE3E80279FF0E>不到2分钟<hex:FF97><hex:020893E3E802B5FF0E>不到3分钟<hex:FF7E><hex:02087AE3E802F2012CFF0E>不到5分钟<hex:FF63><hex:02085FE3E802F20258FF0F>不到10分钟<hex:FF47><hex:020843E3E802F204B0FF0F>不到20分钟<hex:FF2B>当前拥挤，可能花费很长时间。<hex:03><hex:03><hex:03><hex:03><hex:03><hex:03>,,
1164,大区,,
1165,服务器,,
1166,确定,,
1167,取消,,
1168,,,
1169,正在获取服务器情报。,,
1170,将角色“<hex:022903EA0203><hex:0212025903><hex:022903EA0303>”移动至<hex:02100103>大区“<hex:022903EA0403>”的服务器“<hex:022903EA0503>”。<hex:02100103><hex:02100103>预测需要时间：<hex:0208C5E3E8063DFF0E>不到1分钟<hex:FFB0><hex:0208ACE3E80279FF0E>不到2分钟<hex:FF97><hex:020893E3E802B5FF0E>不到3分钟<hex:FF7E><hex:02087AE3E806F2012CFF0E>不到5分钟<hex:FF63><hex:02085FE3E806F20258FF0F>不到10分钟<hex:FF47><hex:020843E3E806F204B0FF0F>不到20分钟<hex:FF2B>当前拥挤，可能花费很长时间。<hex:03><hex:03><hex:03><hex:03><hex:03><hex:03><hex:02100103><hex:02100103><hex:024804F2023703><hex:024904F2023803>角色移动时的注意事项<hex:02100103>・在角色完成移动前无法取消。<hex:02100103>・在角色完成移动前，无法使用其他角色进入游戏。<hex:02100103>敬请谅解。<hex:0249020103><hex:0248020103>,,
1171,执行,,
1172,返回上一步,,
1173,角色正在进行超域传送，请等待传送完成。<hex:02100103>预测需要时间：<hex:0208C5E3E8023DFF0E>不到1分钟<hex:FFB0><hex:0208ACE3E80279FF0E>不到2分钟<hex:FF97><hex:020893E3E802B5FF0E>不到3分钟<hex:FF7E><hex:02087AE3E802F2012CFF0E>不到5分钟<hex:FF63><hex:02085FE3E802F20258FF0F>不到10分钟<hex:FF47><hex:020843E3E802F204B0FF0F>不到20分钟<hex:FF2B>当前拥挤，可能花费很长时间。<hex:03><hex:03><hex:03><hex:03><hex:03><hex:03>,,
1174,角色“<hex:022903EA0203><hex:0212025903><hex:022903EA0303>”已经移动至<hex:02100103>大区“<hex:022903EA0403>”的服务器“<hex:022903EA0503>”！,,
1175,该角色正在<hex:022903EA0203>大区游玩。,,
1176,以该角色登录游戏需要修改姓名。修改姓名需要返回原始服务器。,,
1177,以该角色登录游戏需要修改雇员姓名。修改雇员姓名需要返回原始服务器。,,
1178,为修改角色姓名和雇员姓名，即将返回原始服务器。<hex:02100103>修改姓名登入后，将会从角色创建时所选城邦的以太之光处开始。,,
1179,正在返回原始服务器，请稍后。,,
1180,现在无法使用此功能。,,
1181,距离上次返回时间过短，请经过一段时间后再尝试返回。,,
1182,没能顺利返回原始服务器。请在经过一段时间后，通过次级指令再次尝试。,,
1183,已经顺利返回原始服务器。,,
1184,以该角色登录游戏需要修改姓名。修改姓名需要返回原始服务器。,,
1185,以该角色登录游戏需要修改雇员姓名。修改雇员姓名需要返回原始服务器。,,
1186,返回原始服务器,,
1187,已经过时间：,,
1188,选择大区,,
1189,选择服务器,,
1190,执行,,
1191,将角色“<hex:022903EA0203><hex:0212025903><hex:022903EA0303>”返回至<hex:02100103>原始大区“<hex:022903EA0403>”的原始服务器“<hex:022903EA0503>”。<hex:02100103>预测需要时间：<hex:0208C5E3E8063DFF0E>不到1分钟<hex:FFB0><hex:0208ACE3E80279FF0E>不到2分钟<hex:FF97><hex:020893E3E802B5FF0E>不到3分钟<hex:FF7E><hex:02087AE3E806F2012CFF0E>不到5分钟<hex:FF63><hex:02085FE3E806F20258FF0F>不到10分钟<hex:FF47><hex:020843E3E806F204B0FF0F>不到20分钟<hex:FF2B>当前拥挤，可能花费很长时间。<hex:03><hex:03><hex:03><hex:03><hex:03><hex:03><hex:02100103><hex:02100103><hex:024804F2023703><hex:024904F2023803>角色移动时的注意事项<hex:02100103>・在角色完成移动前无法取消。<hex:02100103>・在角色完成移动前，无法使用其他角色进入游戏。<hex:02100103>敬请谅解。<hex:0249020103><hex:0248020103>,,
1192,当角色处于其他大区时，<hex:02100103>此处仅显示简化后的角色信息。,,
1193,,,
1194,,,
1195,,,
1196,,,
1197,,,
1198,,,
1199,,,
1200,当前无法使用<hex:020842E1E80301FF1C>“返回原始服务器”<hex:FF1F>“前往其他大区游玩”<hex:03>功能。<hex:020815E1E80201FF0D><hex:02100103>[<hex:022003E80203>]<hex:FF01><hex:03>,,
1201,现在所选的大区中没有相同地域的其他大区，因此无法使用“前往其他大区游玩”。,,
1202,需要经过一定时间才可再次执行<hex:020842E1E80201FF1C>“返回原始服务器”<hex:FF1F>“前往其他大区游玩”<hex:03>。,,
1203,进行移动前，请先通过次级指令选择“修改姓名”，确定好角色的新名字。,,
1204,进行移动前，请先通过次级指令选择“修改雇员姓名”，确定好雇员的新名字。,,
1205,角色在陌迪翁牢狱内，无法使用<hex:020842E1E80201FF1C>“返回原始服务器”<hex:FF1F>“前往其他大区游玩”<hex:03>功能。,,
1206,角色还未完成游戏的初始教学，无法前往其他大区游玩。,,
1207,前往其他大区游玩时，需要角色处于原始服务器。,,
1208,没能顺利<hex:020842E1E80301FF1C>“返回原始服务器”<hex:FF1F>“前往其他大区游玩”<hex:03>。请在经过一段时间后，再次尝试。<hex:020815E1E80201FF0D><hex:02100103>[<hex:022003E80203>]<hex:FF01><hex:03>,,
1209,<hex:020842E1E80301FF1C>“返回原始服务器”<hex:FF1F>“前往其他大区游玩”<hex:03>功能临时维护中。<hex:020815E1E80201FF0D><hex:02100103>[<hex:022003E80203>]<hex:FF01><hex:03>,,
1210,没能顺利<hex:020842E1E80301FF1C>“返回原始服务器”<hex:FF1F>“前往其他大区游玩”<hex:03>。<hex:020815E1E80201FF0D><hex:02100103>[<hex:022003E80203>]<hex:FF01><hex:03>,,
1211,角色上次结束游戏或掉线的地点为副本任务内，无法<hex:020842E1E80201FF1C>“返回原始服务器”<hex:FF1F>“前往其他大区游玩”<hex:03>。<hex:02100103>请先登录一次再进行该操作。,,
1212,通过“前往其他大区游玩”所选择的服务器“<hex:022903EA0203>”中可创建的角色数已达上限，无法移动。,,
1213,无法在原始大区以外的大区执行“前往其他大区游玩”。,,
1214,“返回原始服务器”时选择的服务器“<hex:022903EA0203>”，不是该角色的原始服务器。,,
1215,通过“前往其他大区游玩”所选择的服务器“<hex:022903EA0203>”是当前大区内的服务器，请使用跨界传送进行移动。,,
1216,通过“前往其他大区游玩”所选择的服务器“<hex:022903EA0203>”是其他地域大区的服务器，无法移动。,,
1217,通过“前往其他大区游玩”所选择的服务器“<hex:022903EA0203>”是当前所在服务器，处理中断。,,
1218,目前无法移动至通过<hex:020842E1E80301FF1C>“返回原始服务器”<hex:FF1F>“前往其他大区游玩”<hex:03>所选择的服务器“<hex:022903EA0203>”。,,
1219,部分游戏数据出现错误，无法<hex:020836E1E80201FF16>返回原始服务器<hex:FF19>前往其他大区游玩<hex:03>。请联系服务台或客服。<hex:020815E1E80301FF0D><hex:02100103>[<hex:022003E80303>]<hex:FF01><hex:03>,,
1220,发生错误，服务器无响应。<hex:020815E1E80201FF0D><hex:02100103>[<hex:022003E80203>]<hex:FF01><hex:03>,,
1221,组队情况下无法<hex:020836E1E80201FF16>返回原始服务器<hex:FF19>前往其他大区游玩<hex:03>。,,
1222,更多操作选项,,
1223,获取角色情报,,
1224,在角色信息因登录压力以而简化形势显示时，使用此指令可以正常获取完整的角色信息，以便进行改名或重新编辑角色等操作。,,
1225,确定要从服务器获取该角色的信息吗？,,
1226,正在获取角色信息。,,
1227,修改姓名前，需要先获取角色信息。,,
1228,修改雇员姓名前，需要先获取角色信息。,,
1229,此角色需要修改姓名才可登录。请先获取角色信息，然后修改姓名。,,
1230,此角色需要修改雇员姓名才可登录。请先获取角色信息，再修改雇员姓名。,,
1231,返回原始服务器。<hex:02100103>登录时将会从角色创建时所选城邦的以太之光进入游戏。,,
1232,此角色需要返回原始服务器修改姓名后才可使用“移动到空闲服务器”功能。,,
1233,此角色需要返回原始服务器修改雇员姓名后才可使用“移动到空闲服务器”功能。,,
1234,您此前从未连接过<hex:022903EA0203>服务器所在的<hex:022903EA0303>大区，无法进行超域传送。<hex:02100103>请退出游戏，在登录器中选择<hex:022903EA0303>大区后开始游戏，直到进入该大区的角色选择界面。此后就可以向该大区进行超域传送了。,,
1235,您在<hex:022903EA0203>服务器所在的<hex:022903EA0303>大区中创建的角色数量已达到上限，无法使用超域传送前往该大区。<hex:02100103>只有创建在目标服务器所在大区的角色数量未达到上限时，才能通过超域传送前往目标服务器。请调整<hex:022903EA0303>大区的角色数量后，再次尝试超域传送。,,
1236,该账号正在游戏中。请在经过一段时间后再次尝试。,,
1237,没能在此大区找到当前设备记录的最后一个登出角色。<hex:02100103>请前往其他大区查看。,,
1238,<hex:024804F201FA03><hex:024904F201FB03>此服务器当前拥挤，限制了原始服务器之外的角色登录，因此无法返回副本任务。<hex:0249020103><hex:0248020103><hex:02100103>如果执行“退出副本任务”，可选择“返回原始服务器”然后在原始服务器登录游戏。<hex:02100103>要退出副本任务吗？,,
1239,开始执行退出副本任务，请稍候。,,
1240,正在退出副本任务。<hex:02100103><hex:024804F201FA03><hex:024904F201FB03>这可能需要花费5分钟时间。<hex:0249020103><hex:0248020103><hex:02100103>请稍等一会再执行移动到其他服务器的操作。,,
1241,退出副本任务还未完成，请稍后再试。,,
1242,已确认,,
1243,您选中的<hex:022903EA0203>服务器所在的<hex:022903EA0303>大区账户信息需要更新，无法进行超域传送。<hex:02100103>请退出游戏，在登录器中选择<hex:022903EA0303>后开始游戏，直到进入该大区的角色选择界面。此后就可以向该大区进行超域传送了。,,
1244,,,
1245,,,
1246,,,
1247,,,
1248,,,
1249,,,
1250,云数据中心中的世界将在云数据中心公开负载测试结束后完全关闭，并删除您创建的所有角色和雇员的数据。请提前知晓并理解此事宜。,,
1251,,,
1252,,,
1253,,,
1254,,,
1255,,,
1256,,,
1257,,,
1258,,,
1259,,,
1260,,,
1261,,,
1262,,,
1263,,,
1264,,,
1265,,,
1266,,,
1267,,,
1268,,,
1269,,,
1270,,,
1271,,,
1272,,,
1273,,,
1274,,,
1275,,,
1276,,,
1277,,,
1278,,,
1279,,,
1280,,,
1281,,,
1282,,,
1283,,,
1284,,,
1285,,,
1286,,,
1287,,,
1288,,,
1289,,,
1290,,,
1291,,,
1292,,,
1293,,,
1294,,,
1295,,,
1296,,,
1297,,,
1298,,,
1299,,,
1300,,,
1301,,,
1302,,,
1303,,,
1304,,,
1305,,,
1306,,,
1307,,,
1308,,,
1309,,,
1310,,,
1311,,,
1312,,,
1313,,,
1314,,,
1315,,,
1316,,,
1317,,,
1318,,,
1319,,,
1320,,,
1321,,,
1322,,,
1323,,,
1324,,,
1325,,,
1326,,,
1327,,,
1328,,,
1329,,,
1330,,,
1331,,,
1332,,,
1333,,,
1334,,,
1335,,,
1336,,,
1337,,,
1338,,,
1339,,,
1340,,,
1341,,,
1342,,,
1343,,,
1344,,,
1345,,,
1346,,,
1347,,,
1348,,,
1349,,,
1350,,,
1351,,,
1352,,,
1353,,,
1354,,,
1355,,,
1356,,,
1357,,,
1358,,,
1359,,,
1360,,,
1361,,,
1362,,,
1363,,,
1364,,,
1365,,,
1366,,,
1367,,,
1368,,,
1369,,,
1370,,,
1371,,,
1372,,,
1373,,,
1374,,,
1375,,,
1376,,,
1377,,,
1378,,,
1379,,,
1380,,,
1381,,,
1382,,,
1383,,,
1384,,,
1385,,,
1386,,,
1387,,,
1388,,,
1389,,,
1390,,,
1391,,,
1392,,,
1393,,,
1394,,,
1395,,,
1396,,,
1397,,,
1398,,,
1399,,,
1400,,,
1401,,,
1402,,,
1403,,,
1404,,,
1405,,,
1406,,,
1407,,,
1408,,,
1409,,,
1410,,,
1411,,,
1412,,,
1413,,,
1414,,,
1415,,,
1416,,,
1417,,,
1418,,,
1419,,,
1420,,,
1421,,,
1422,,,
1423,,,
1424,,,
1425,,,
1426,,,
1427,,,
1428,,,
1429,,,
1430,,,
1431,,,
1432,,,
1433,,,
1434,,,
1435,,,
1436,,,
1437,,,
1438,,,
1439,,,
1440,,,
1441,,,
1442,,,
1443,,,
1444,,,
1445,,,
1446,,,
1447,,,
1448,,,
1449,,,
1450,,,
1451,,,
1452,,,
1453,,,
1454,,,
1455,,,
1456,,,
1457,,,
1458,,,
1459,,,
1460,,,
1461,,,
1462,,,
1463,,,
1464,,,
1465,,,
1466,,,
1467,,,
1468,,,
1469,,,
1470,,,
1471,,,
1472,,,
1473,,,
1474,,,
1475,,,
1476,,,
1477,,,
1478,,,
1479,,,
1480,,,
1481,,,
1482,,,
1483,,,
1484,,,
1485,,,
1486,,,
1487,,,
1488,,,
1489,,,
1490,,,
1491,,,
1492,,,
1493,,,
1494,,,
1495,,,
1496,,,
1497,,,
1498,,,
1499,,,
1500,,,
1501,,,
1502,,,
1503,,,
1504,,,
1505,,,
1506,,,
1507,,,
1508,,,
1509,,,
1510,,,
1511,,,
1512,,,
1513,,,
1514,,,
1515,,,
1516,,,
1517,,,
1518,,,
1519,,,
1520,,,
1521,,,
1522,,,
1523,,,
1524,,,
1525,,,
1526,,,
1527,,,
1528,,,
1529,,,
1530,,,
1531,,,
1532,,,
1533,,,
1534,,,
1535,,,
1536,,,
1537,,,
1538,,,
1539,,,
1540,,,
1541,,,
1542,,,
1543,,,
1544,,,
1545,,,
1546,,,
1547,,,
1548,,,
1549,,,
1550,,,
1551,,,
1552,,,
1553,,,
1554,,,
1555,,,
1556,,,
1557,,,
1558,,,
1559,,,
1560,,,
1561,,,
1562,,,
1563,,,
1564,,,
1565,,,
1566,,,
1567,,,
1568,,,
1569,,,
1570,,,
1571,,,
1572,,,
1573,,,
1574,,,
1575,,,
1576,,,
1577,,,
1578,,,
1579,,,
1580,,,
1581,,,
1582,,,
1583,,,
1584,,,
1585,,,
1586,,,
1587,,,
1588,,,
1589,,,
1590,,,
1591,,,
1592,,,
1593,,,
1594,,,
1595,,,
1596,,,
1597,,,
1598,,,
1599,,,
1600,,,
1601,,,
1602,,,
1603,,,
1604,,,
1605,,,
1606,,,
1607,,,
1608,,,
1609,,,
1610,,,
1611,,,
1612,,,
1613,,,
1614,,,
1615,,,
1616,,,
1617,,,
1618,,,
1619,,,
1620,,,
1621,,,
1622,,,
1623,,,
1624,,,
1625,,,
1626,,,
1627,,,
1628,,,
1629,,,
1630,,,
1631,,,
1632,,,
1633,,,
1634,,,
1635,,,
1636,,,
1637,,,
1638,,,
1639,,,
1640,,,
1641,,,
1642,,,
1643,,,
1644,,,
1645,,,
1646,,,
1647,,,
1648,,,
1649,,,
1650,,,
1651,,,
1652,,,
1653,,,
1654,,,
1655,,,
1656,,,
1657,,,
1658,,,
1659,,,
1660,,,
1661,,,
1662,,,
1663,,,
1664,,,
1665,,,
1666,,,
1667,,,
1668,,,
1669,,,
1670,,,
1671,,,
1672,,,
1673,,,
1674,,,
1675,,,
1676,,,
1677,,,
1678,,,
1679,,,
1680,,,
1681,,,
1682,,,
1683,,,
1684,,,
1685,,,
1686,,,
1687,,,
1688,,,
1689,,,
1690,,,
1691,,,
1692,,,
1693,,,
1694,,,
1695,,,
1696,,,
1697,,,
1698,,,
1699,,,
1700,,,
1701,,,
1702,程序版本号 : <hex:022903EA0203>,,
1703,ffxiv : <hex:022903EA0203>,,
1704,,,
1705,,,
1706,,,
1707,,,
1708,,,
1709,,,
1710,,,
1711,,,
1712,,,
1713,,,
1714,,,
1715,,,
1716,,,
1717,,,
1718,,,
1719,,,
1720,,,
1721,,,
1722,,,
1723,,,
1724,,,
1725,,,
1726,,,
1727,,,
1728,,,
1729,,,
1730,,,
1731,,,
1732,,,
1733,,,
1734,,,
1735,,,
1736,,,
1737,,,
1738,,,
1739,,,
1740,胡须与伤痕等,,
1741,黑痣与伤痕等,,
1742,刺青,,
1743,耳饰,,
1744,刺青颜色,,
1745,耳饰颜色,,
1746,瞳孔轮廓,,
1747,鳞片与饰品,,
1748,瞳孔轮廓颜色,,
1749,刺青与装饰,,
1750,刺青与装饰颜色,,
1751,黑痣与装饰等,,
1752,,,
1753,牙齿长度,,
1754,,,
1755,刺青与装饰,,
1756,刺青与装饰颜色,,
1757,,,
1758,,,
1759,,,
1760,,,
1761,,,
1762,,,
1763,,,
1764,,,
1765,,,
1766,,,
1767,,,
1768,,,
1769,,,
1770,,,
1771,,,
1772,,,
1773,,,
1774,,,
1775,,,
1776,,,
1777,,,
1778,,,
1779,,,
1780,,,
1781,,,
1782,,,
1783,,,
1784,,,
1785,,,
1786,,,
1787,,,
1788,,,
1789,,,
1790,,,
1791,,,
1792,,,
1793,,,
1794,,,
1795,,,
1796,,,
1797,,,
1798,,,
1799,,,
1800,确定要取消登录吗？,,
1801,一段时间内没有进行任何操作，已经自动登出游戏。,,
1802,<hex:024804F201FE03><hex:024904F201FF03>选择此种族需要玩家持有“<hex:02280FFF0A>ExVersion<hex:E8020103>”。<hex:0249020103><hex:0248020103>,,
1803,,,
1804,防护职业,,职能为保护同伴的战斗职业。<hex:02100103>有着远超其他职能的防御力，<hex:02100103>能学到很多吸引敌方注意力、提升自身防御力的技能。<hex:02100103><hex:02100103>在初始职业中，剑术师和斧术师属于这一职能。<hex:02100103>而成长之后能够选择的特职中，又有骑士、战士、暗黑骑士、绝枪战士等等可供选择。
1805,治疗职业,,职能为治疗同伴的战斗职业。<hex:02100103>攻击能力不算出众，<hex:02100103>能学到很多治疗同伴、保护同伴的技能。<hex:02100103><hex:02100103>在初始职业中，幻术师属于这一职能。<hex:02100103>而成长之后能够选择的特职中，又有白魔法师、学者、占星术士、贤者等等可供选择。<hex:02100103>其中的学者需要将进攻职业中的秘术师修炼到特定阶段后才能转职。
1806,进攻职业,,职能为攻击敌人的战斗职业。<hex:02100103>有着远超其他职能的攻击力。<hex:02100103>能学到很多攻击敌人、增加自身攻击力的技能。<hex:02100103><hex:02100103>在初始职业中，格斗家、枪术师、弓箭手、咒术师、秘术师属于这一职能。<hex:02100103>而成长之后能够选择的特职中，又有武僧、龙骑士、忍者、武士、钐镰客、蝰蛇剑士、<hex:02100103>吟游诗人、机工士、舞者、黑魔法师、召唤师、赤魔法师、绘灵法师、青魔法师等等可供选择。<hex:02100103><hex:02100103>另外，在进攻职业中，又分为擅长近距离战斗的近战职业，<hex:02100103>擅长弓箭、火枪等武器的远程物理职业、以及擅长魔法的远程魔法职业等三种不同类型。
1807,,,
1808,,,
1809,,,
1810,,,
1811,,,
1812,,,
1813,,,
1814,,,
1815,,,
1816,,,
1817,,,
1818,,,
1819,,,
1820,,,
1821,,,
1822,,,
1823,,,
1824,,,
1825,,,
1826,,,
1827,,,
1828,,,
1829,,,
1830,,,
1831,,,
1832,,,
1833,,,
1834,,,
1835,,,
1836,,,
1837,,,
1838,,,
1839,,,
1840,,,
1841,,,
1842,,,
1843,,,
1844,,,
1845,,,
1846,,,
1847,,,
1848,,,
1849,,,
1850,,,
1851,,,
1852,,,
1853,,,
1854,,,
1855,,,
1856,,,
1857,,,
1858,,,
1859,,,
1860,,,
1861,,,
1862,,,
1863,,,
1864,,,
1865,,,
1866,,,
1867,,,
1868,,,
1869,,,
1870,,,
1871,,,
1872,,,
1873,,,
1874,,,
1875,,,
1876,,,
1877,,,
1878,,,
1879,,,
1880,,,
1881,,,
1882,,,
1883,,,
1884,,,
1885,,,
1886,,,
1887,,,
1888,,,
1889,,,
1890,,,
1891,,,
1892,,,
1893,,,
1894,,,
1895,,,
1896,,,
1897,,,
1898,,,
1899,,,
1900,,,
1901,,,
1902,,,
1903,,,
1904,,,
1905,,,
1906,,,
1907,,,
1908,,,
1909,,,
1910,,,
1911,,,
1912,,,
1913,,,
1914,,,
1915,,,
1916,,,
1917,,,
1918,,,
1919,,,
1920,,,
1921,,,
1922,,,
1923,,,
1924,,,
1925,,,
1926,,,
1927,,,
1928,,,
1929,,,
1930,,,
1931,,,
1932,,,
1933,,,
1934,,,
1935,,,
1936,,,
1937,,,
1938,,,
1939,,,
1940,,,
1941,,,
1942,,,
1943,,,
1944,,,
1945,,,
1946,,,
1947,,,
1948,,,
1949,,,
1950,请选择角色种族及性别。,,
1951,请选择角色部族。,,
1952,请选择角色性别。,,
1953,请设置角色特征。,,
1954,请设置角色命名日期。<hex:02100103><hex:02100103><hex:0248020203><hex:0249022503>角色的生日对游戏进程没有任何影响。<hex:0249020103><hex:0248020103>,,
1955,请选择角色守护神。<hex:02100103><hex:02100103><hex:0248020203><hex:0249022503>角色的守护神对游戏进程没有任何影响。<hex:0249020103><hex:0248020103>,,
1956,请选择开始游戏时的职业。,,
1957,请选择角色所在服务器。,,
1958,请设置角色姓名。,,
1959,请修改角色姓名。,,
1960,将当前的预览服装设为雇员的正式服装。游戏中雇员将会穿着这套服装出现。,,
1961,将角色的预览服装更换为初期装备。此套服装在游戏开始时会作为默认装备。,,
1962,将角色的预览服装更换为所选初始职业成长后对应的特职专有装备。为角色选择战斗职业之后即可查看。,,
1963,将角色的预览服装更换为内衣。此套服装在游戏中将装备卸除后即可看到。,,
1964,将角色的姿势设置为站姿。可以方便地查看各个细节。,,
1965,预览角色各种情感动作的表现。可以方便地确认角色的动作习惯。,,
1966,,,
1967,将背景画面与环境切换到“以太空间”。,,
1968,将背景画面与环境切换到“森林场景”。,,
1969,将背景画面与环境切换到“室内”。,,
1970,放弃未完成的角色，退出角色创建。,,
1971,将背景画面与环境切换到“海岸场景”。,,
1972,将背景画面与环境切换到“荒野场景”。,,
1973,艾欧泽亚历,,星与灵双极性交互轮回之月，依6属性顺次排列，从而成为一“年”。<hex:02100103>（※所选月日对应的新历日期会显示在画面下部）
1974,<hex:022003E80303>级<hex:02280EFF09>ClassJob<hex:E8020103>,,
1975,,,
1976,调整系统设置。,,
1977,调整背景的打光方式及时间。,,
1978,调整外景环境背景的天气。,,
1979,调整视角操作。,,
1980,利姆萨·罗敏萨,,海洋城邦利姆萨·罗敏萨位于罗塔诺内海上的威尔布兰德岛的南岸，统辖着威尔布兰德岛的南部地区。<hex:02100103>利姆萨·罗敏萨的人民用铁桥将散布在海湾内的无数小岛和岩礁连接到了一起，并以白垩为材料搭建了街道及各种建筑。<hex:02100103>城邦的领袖叫做“提督”，是由城邦居民所选举出来。提督负责管理城邦的各项事务，并且掌管着强大的海军。<hex:02100103>虽然这里的海军几乎将艾欧泽亚近海的制海权完全掌握到手中，不过时而也会有海盗事件发生。
1981,格里达尼亚,,格里达尼亚田园城邦位于阿尔迪纳德次大陆的东部，统辖着周围茂盛的森林和众多的河流。<hex:02100103>格里达尼亚的人民在城内无数的运河上搭建了水车，并以树木为材料搭建了街道及各种建筑。<hex:02100103>城邦中有着以鬼哭队为首的多个猎人部队，他们经常在森林中巡逻，以守护城邦的安全。
1982,乌尔达哈,,贸易城邦乌尔达哈位于阿尔迪纳德次大陆的南部，统辖着周围荒凉的沙漠与戈壁。<hex:02100103>乌尔达哈的城镇四周建有高大的城墙，内部则建有斗技场及游技场等设施。以穹顶城堡为中心形成了圆周型的城镇。 <hex:02100103>虽然官方声称城邦元首在历史上历来都是乌尔达哈王朝的女王，然而实际上则是由被称为沙蝎众的6名领导人实行寡头制来管理事务。 
1983,,,
1984,角色名字只能使用英文字母、撇号和减号。<hex:02100103>First Name / Family Name 单格2个字以上15个字以内，<hex:02100103>两者加起来不得超过20个字。<hex:02100103>撇号和减号不得放在名字的最前面和连续使用。,,
1985,角色名字只能使用英文字母、撇号和减号。<hex:02100103>长度在3个字以上20个字以内。<hex:02100103>撇号和减号不得放在名字的最前面和连续使用。,,
1986,,,
1987,,,
1988,,,
1989,,,
1990,将角色的预览服装更换当前游戏内装备。随装备情况不同可能会将面部及头发遮盖住。,,
1991,将背景画面与环境切换到“以太空间”。,,
1992,将背景画面与环境切换到“森林场景”。,,
1993,将背景画面与环境切换到“室内”。,,
1994,放弃未编辑完的角色，退出角色编辑。,,
1995,将背景画面与环境切换到“海岸场景”。,,
1996,将背景画面与环境切换到“荒野场景”。,,
1997,,,
1998,,,
1999,,,
2000,,,
2001,开始游戏,,
2002,退出游戏,,
2003,系统设置,,
2004,开场动画,,
2005,,,
2006,大区,,
2007,开场动画,,
2008,重生之境,,
2009,返回,,
2010,选择角色,,
2011,动画欣赏 & 标题画面,,
2012,苍穹之禁城,,
2013,红莲之狂潮,,
2014,暗影之逆焰,,
2015,种族,,
2016,部族,,
2017,命名日,,
2018,守护神,,
2019,职业,,
2020,所在地,,
2021,造访服务器,,
2022,晓月之终途,,
2023,金曦之遗辉,,
2024,,,
2025,选择服务器,,
2026,,,
2027,创建新角色,,
2028,已保存的角色形象,,
2029,,,
2030,选择服务器组,,
2031,,,
2032,,,
2033,服务器列表,,
2034,,,
2035,名字,,
2036,姓氏,,
2037,变更,,
2038,姓名,,
2039,请更改角色姓名。,,
2040,雇员姓名,,
2041,请更改雇员姓名。,,
2042,,,
2043,随机生成<hex:02092FE803FF15><hex:02280BFF06>Tribe<hex:E8020103>男性<hex:FF15><hex:02280BFF06>Tribe<hex:E8020203>女性<hex:03>风格的名字。<hex:02100103>生成之后的名字可以直接进行编辑。,,
2044,要使用已保存的角色形象吗？,,
2045,自动选择了<hex:022903EA0203>服务器，<hex:02100103>确定进入下一步吗？,,
2046,选择其它服务器,,
2047,返回,,
2048,,,
2049,,,
2050,确定,,
2051,取消,,
2052,返回,,
2053,更新,,
2054,,,
2055,创建角色,,
2056,美容师,,
2057,许可证,,
2058,游戏设置,,
2059,安装信息,,
2060,动作,,
2061,普通,,
2062,独有,,
2063,随机,,
2064,服装,,
2065,种族,,
2066,特职,,
2067,内衣,,
2068,雇员,,
2069,装备,,
2070,环境,,
2071,早上,,
2072,中午,,
2073,傍晚,,
2074,深夜,,
2075,昼间,,
2076,夜间,,
2077,不显示头部装备,,
2078,在角色预览中摘除头部、耳部、颈部装备及眼镜，以便更好地查看角色的脸部及发型。,,
2079,,,
2080,,,
2081,,,
2082,,,
2083,,,
2084,,,
2085,,,
2086,,,
2087,,,
2088,,,
2089,,,
2090,,,
2091,,,
2092,,,
2093,,,
2094,,,
2095,灯光1,,
2096,灯光2,,
2097,,,
2098,,,
2099,,,
2100,姓名,,
2101,名字,,
2102,姓氏,,
2103,,,
2104,确定,,
2105,"First Name, Family Name<hex:02100103>名字单格长度在2个字以上15个字以内，两格相加需在20个字以内。<hex:02100103><hex:02100103>名字不能与他人重复。<hex:02100103><hex:02100103>只能使用英文字母和‘号。",,
2106,随机生成<hex:02092FE803FF15><hex:02280BFF06>Tribe<hex:E8020103>男性<hex:FF15><hex:02280BFF06>Tribe<hex:E8020203>女性<hex:03>风格的名字。<hex:02100103>生成之后的名字可以直接进行编辑。,,
2107,,,
2108,,,
2109,,,
2110,男,,
2111,女,,
2112,,,
2113,,,
2114,,,
2115,,,
2116,,,
2117,,,
2118,,,
2119,,,
2120,原有,,
2121,新建,,
2122,浓艳,,
2123,清淡,,
2124,双眼颜色,,
2125,虹膜异色,,
2126,随机生成,,
2127,无,,
2128,发色,,
2129,挑染,,
2130,连接状态,,
2131,,,
2132,,,
2133,返回当前容貌,,
2134,纹染,,
2135,反转,,
2136,,,
2137,,,
2138,,,
2139,,,
2140,导入角色数据,,
2141,在“最终幻想XIV”文件夹下检测到了角色数据。<hex:02100103>请选择要读取的数据。,,
2142,数据,,
2143,储存编号,,
2144,部族/性别,,
2145,,,
2146,没有找到已保存的角色数据。,,
2147,所选数据为<hex:020703E80203><hex:022002DF03>/<hex:022002DE03>/<hex:022002DC03> <hex:022002DB03>:<hex:022402DA03>保存在数据栏<hex:022003E80303>的<hex:020929E805FF12><hex:02280BFF06>Tribe<hex:E8040103>男<hex:FF12><hex:02280BFF06>Tribe<hex:E8040203>女<hex:03>。读取该数据需要安装«<hex:02280FFF0A>ExVersion<hex:E8060103>»。,,
2148,,,
2149,,,
2150,导出角色数据,,
2151,请选择保存数据的位置,,
2152,数据,,
2153,储存编号,,
2154,部族/性别,,
2155,,,
2156,,,
2157,,,
2158,,,
2159,,,
2160,将<hex:020929E803FF12><hex:02280BFF06>Tribe<hex:E8020103>男<hex:FF12><hex:02280BFF06>Tribe<hex:E8020203>女<hex:03>的形象存到临时数据栏<hex:022003E80403>中。,,
2161,备注,,
2162,保存,,
2163,取消,,
2164,读取在<hex:020703E80203><hex:022002DF03>/<hex:022002DE03>/<hex:022002DC03> <hex:022002DB03>:<hex:022402DA03>保存的<hex:022003E80303>号<hex:020929E805FF12><hex:02280BFF06>Tribe<hex:E8040103>男<hex:FF12><hex:02280BFF06>Tribe<hex:E8040203>女<hex:03>角色形象。,,
2165,确定,,
2166,取消,,
2167,读取1.0版本<hex:022903EA0203>服务器中<hex:022903EA0303>的角色形象：<hex:02092FE805FF15><hex:02280BFF06>Tribe<hex:E8040103>男性<hex:FF15><hex:02280BFF06>Tribe<hex:E8040203>女性<hex:03>。,,
2168,读取1.0版本临时存档<hex:022003E80303>中的角色形象：<hex:02092FE805FF15><hex:02280BFF06>Tribe<hex:E8040103>男性<hex:FF15><hex:02280BFF06>Tribe<hex:E8040203>女性<hex:03>。,,
2169,确定要覆盖掉<hex:020703E80203><hex:022002DF03>/<hex:022002DE03>/<hex:022002DC03> <hex:022002DB03>:<hex:022402DA03>保存在数据栏<hex:022003E80303>的<hex:020929E805FF12><hex:02280BFF06>Tribe<hex:E8040103>男<hex:FF12><hex:02280BFF06>Tribe<hex:E8040203>女<hex:03>吗？,,
2170,（1.0版）,,
2171,（β版）,,
2172,（基准测试）,,
2173,<hex:020703E80203><hex:022002DF03>/<hex:022002DE03>/<hex:022002DC03>保存,,
2174,临时数据栏<hex:022003E80203>,,
2175,<hex:020929E803FF12><hex:02280BFF06>Tribe<hex:E8020103>男<hex:FF12><hex:02280BFF06>Tribe<hex:E8020203>女<hex:03>,,
2176,要保存目前的形象吗？<hex:02100103>今后创建新角色时，可以读取已保存的角色形象，快速完成角色的创建。,,
2177,是,,
2178,否,,
2179,无法读取已有的形象数据，文件格式错误或文件已损坏。,,
2180,确定,,
2181,要读取已保存的形象吗？<hex:02100103>当前编辑中的形象将会消失。,,
2182,是,,
2183,否,,
2184,保存完毕。,,
2185,保存失败。,,
2186,确定,,
2187,保存创建完毕的形象吗？保存后的形象可以在创建角色菜单中查看，同时在«最终幻想14»正式版游戏中也可以继承已保存的形象。,,
2188,不兼容数据,,
2189,要覆盖数据吗？<hex:02100103><hex:020703E80203><hex:022002DF03>/<hex:022002DE03>/<hex:022002DC03> <hex:022002DB03>:<hex:022402DA03>保存在数据栏<hex:022003E80303>的形象与当前版本不兼容。,,
2190,动画欣赏,,
2191,重生之境,,
2192,苍穹之禁城,,
2193,红莲之狂潮,,
2194,,,
2195,,,
2196,,,
2197,,,
2198,,,
2199,,,
2200,,,
